[
{
  "model": "admin.logentry",
  "pk": 1,
  "fields": {
    "action_time": "2025-04-17T17:40:34.852",
    "user": 1,
    "content_type": 9,
    "object_id": "1",
    "object_repr": "总裁",
    "action_flag": 1,
    "change_message": "[{\"added\": {}}]"
  }
},
{
  "model": "admin.logentry",
  "pk": 2,
  "fields": {
    "action_time": "2025-04-17T17:40:47.347",
    "user": 1,
    "content_type": 9,
    "object_id": "2",
    "object_repr": "研发",
    "action_flag": 1,
    "change_message": "[{\"added\": {}}]"
  }
},
{
  "model": "admin.logentry",
  "pk": 3,
  "fields": {
    "action_time": "2025-04-17T17:40:56.876",
    "user": 1,
    "content_type": 9,
    "object_id": "3",
    "object_repr": "人事",
    "action_flag": 1,
    "change_message": "[{\"added\": {}}]"
  }
},
{
  "model": "admin.logentry",
  "pk": 4,
  "fields": {
    "action_time": "2025-04-17T17:41:31.389",
    "user": 1,
    "content_type": 7,
    "object_id": "1",
    "object_repr": "前端开发",
    "action_flag": 1,
    "change_message": "[{\"added\": {}}]"
  }
},
{
  "model": "admin.logentry",
  "pk": 5,
  "fields": {
    "action_time": "2025-04-17T17:41:40.871",
    "user": 1,
    "content_type": 7,
    "object_id": "2",
    "object_repr": "后端开发",
    "action_flag": 1,
    "change_message": "[{\"added\": {}}]"
  }
},
{
  "model": "admin.logentry",
  "pk": 6,
  "fields": {
    "action_time": "2025-04-17T17:41:50.628",
    "user": 1,
    "content_type": 7,
    "object_id": "3",
    "object_repr": "运营",
    "action_flag": 1,
    "change_message": "[{\"added\": {}}]"
  }
},
{
  "model": "admin.logentry",
  "pk": 7,
  "fields": {
    "action_time": "2025-04-17T17:42:11.586",
    "user": 1,
    "content_type": 10,
    "object_id": "2",
    "object_repr": "gest",
    "action_flag": 1,
    "change_message": "[{\"added\": {}}]"
  }
},
{
  "model": "admin.logentry",
  "pk": 8,
  "fields": {
    "action_time": "2025-04-17T17:42:55.938",
    "user": 1,
    "content_type": 10,
    "object_id": "2",
    "object_repr": "gest",
    "action_flag": 2,
    "change_message": "[{\"changed\": {\"fields\": [\"\\u771f\\u5b9e\\u59d3\\u540d\", \"\\u90ae\\u7bb1\", \"\\u624b\\u673a\\u53f7\", \"\\u90e8\\u95e8\"]}}]"
  }
},
{
  "model": "admin.logentry",
  "pk": 9,
  "fields": {
    "action_time": "2025-04-17T17:47:04.765",
    "user": 1,
    "content_type": 8,
    "object_id": "1",
    "object_repr": "商品统计",
    "action_flag": 1,
    "change_message": "[{\"added\": {}}]"
  }
},
{
  "model": "admin.logentry",
  "pk": 10,
  "fields": {
    "action_time": "2025-04-17T17:47:53.278",
    "user": 1,
    "content_type": 8,
    "object_id": "2",
    "object_repr": "系统总览",
    "action_flag": 1,
    "change_message": "[{\"added\": {}}]"
  }
},
{
  "model": "admin.logentry",
  "pk": 11,
  "fields": {
    "action_time": "2025-04-17T17:47:59.929",
    "user": 1,
    "content_type": 8,
    "object_id": "1",
    "object_repr": "商品统计",
    "action_flag": 2,
    "change_message": "[{\"changed\": {\"fields\": [\"\\u4e0a\\u7ea7\\u83dc\\u5355\"]}}]"
  }
},
{
  "model": "admin.logentry",
  "pk": 12,
  "fields": {
    "action_time": "2025-04-17T17:48:44.271",
    "user": 1,
    "content_type": 8,
    "object_id": "3",
    "object_repr": "核心技术",
    "action_flag": 1,
    "change_message": "[{\"added\": {}}]"
  }
},
{
  "model": "admin.logentry",
  "pk": 13,
  "fields": {
    "action_time": "2025-04-17T17:50:24.955",
    "user": 1,
    "content_type": 8,
    "object_id": "4",
    "object_repr": "系统管理",
    "action_flag": 1,
    "change_message": "[{\"added\": {}}]"
  }
},
{
  "model": "admin.logentry",
  "pk": 14,
  "fields": {
    "action_time": "2025-04-17T17:51:14.270",
    "user": 1,
    "content_type": 8,
    "object_id": "5",
    "object_repr": "用户管理",
    "action_flag": 1,
    "change_message": "[{\"added\": {}}]"
  }
},
{
  "model": "admin.logentry",
  "pk": 15,
  "fields": {
    "action_time": "2025-04-17T17:52:07.487",
    "user": 1,
    "content_type": 8,
    "object_id": "6",
    "object_repr": "部门管理",
    "action_flag": 1,
    "change_message": "[{\"added\": {}}]"
  }
},
{
  "model": "admin.logentry",
  "pk": 16,
  "fields": {
    "action_time": "2025-04-17T17:52:47.788",
    "user": 1,
    "content_type": 8,
    "object_id": "7",
    "object_repr": "菜单管理",
    "action_flag": 1,
    "change_message": "[{\"added\": {}}]"
  }
},
{
  "model": "admin.logentry",
  "pk": 17,
  "fields": {
    "action_time": "2025-04-17T17:53:06.286",
    "user": 1,
    "content_type": 8,
    "object_id": "8",
    "object_repr": "角色管理",
    "action_flag": 1,
    "change_message": "[{\"added\": {}}]"
  }
},
{
  "model": "admin.logentry",
  "pk": 18,
  "fields": {
    "action_time": "2025-04-17T17:53:17.742",
    "user": 1,
    "content_type": 8,
    "object_id": "8",
    "object_repr": "角色管理",
    "action_flag": 2,
    "change_message": "[{\"changed\": {\"fields\": [\"\\u4e0a\\u7ea7\\u83dc\\u5355\"]}}]"
  }
},
{
  "model": "admin.logentry",
  "pk": 19,
  "fields": {
    "action_time": "2025-04-17T17:53:21.627",
    "user": 1,
    "content_type": 8,
    "object_id": "7",
    "object_repr": "菜单管理",
    "action_flag": 2,
    "change_message": "[]"
  }
},
{
  "model": "admin.logentry",
  "pk": 20,
  "fields": {
    "action_time": "2025-04-17T17:59:14.328",
    "user": 1,
    "content_type": 10,
    "object_id": "1",
    "object_repr": "root",
    "action_flag": 2,
    "change_message": "[{\"changed\": {\"fields\": [\"\\u89d2\\u8272\", \"Last login\"]}}]"
  }
},
{
  "model": "admin.logentry",
  "pk": 21,
  "fields": {
    "action_time": "2025-04-18T09:20:44.025",
    "user": 1,
    "content_type": 7,
    "object_id": "1",
    "object_repr": "超级管理员",
    "action_flag": 2,
    "change_message": "[{\"changed\": {\"fields\": [\"\\u89d2\\u8272\\u540d\\u79f0\"]}}]"
  }
},
{
  "model": "admin.logentry",
  "pk": 22,
  "fields": {
    "action_time": "2025-04-18T09:20:56.199",
    "user": 1,
    "content_type": 7,
    "object_id": "2",
    "object_repr": "人事",
    "action_flag": 2,
    "change_message": "[{\"changed\": {\"fields\": [\"\\u89d2\\u8272\\u540d\\u79f0\"]}}]"
  }
},
{
  "model": "admin.logentry",
  "pk": 23,
  "fields": {
    "action_time": "2025-04-18T09:21:05.995",
    "user": 1,
    "content_type": 7,
    "object_id": "3",
    "object_repr": "客服",
    "action_flag": 2,
    "change_message": "[{\"changed\": {\"fields\": [\"\\u89d2\\u8272\\u540d\\u79f0\"]}}]"
  }
},
{
  "model": "admin.logentry",
  "pk": 24,
  "fields": {
    "action_time": "2025-04-18T09:25:19.871",
    "user": 1,
    "content_type": 8,
    "object_id": "2",
    "object_repr": "系统总览",
    "action_flag": 2,
    "change_message": "[{\"changed\": {\"fields\": [\"\\u83dc\\u5355\\u7c7b\\u578b\"]}}]"
  }
},
{
  "model": "admin.logentry",
  "pk": 25,
  "fields": {
    "action_time": "2025-04-18T09:25:57.989",
    "user": 1,
    "content_type": 8,
    "object_id": "2",
    "object_repr": "系统总览",
    "action_flag": 2,
    "change_message": "[{\"changed\": {\"fields\": [\"\\u83dc\\u5355\\u7c7b\\u578b\"]}}]"
  }
},
{
  "model": "admin.logentry",
  "pk": 26,
  "fields": {
    "action_time": "2025-04-18T09:26:12.811",
    "user": 1,
    "content_type": 8,
    "object_id": "3",
    "object_repr": "核心技术",
    "action_flag": 2,
    "change_message": "[{\"changed\": {\"fields\": [\"\\u83dc\\u5355\\u7c7b\\u578b\"]}}]"
  }
},
{
  "model": "admin.logentry",
  "pk": 27,
  "fields": {
    "action_time": "2025-04-18T09:26:28.133",
    "user": 1,
    "content_type": 8,
    "object_id": "4",
    "object_repr": "系统管理",
    "action_flag": 2,
    "change_message": "[{\"changed\": {\"fields\": [\"\\u83dc\\u5355\\u7c7b\\u578b\"]}}]"
  }
},
{
  "model": "admin.logentry",
  "pk": 28,
  "fields": {
    "action_time": "2025-04-21T14:32:37.636",
    "user": 1,
    "content_type": 7,
    "object_id": "2",
    "object_repr": "普通管理员",
    "action_flag": 2,
    "change_message": "[{\"changed\": {\"fields\": [\"\\u89d2\\u8272\\u540d\\u79f0\", \"\\u6392\\u5e8f\"]}}]"
  }
},
{
  "model": "admin.logentry",
  "pk": 29,
  "fields": {
    "action_time": "2025-04-21T14:32:43.027",
    "user": 1,
    "content_type": 7,
    "object_id": "1",
    "object_repr": "超级管理员",
    "action_flag": 2,
    "change_message": "[{\"changed\": {\"fields\": [\"\\u6392\\u5e8f\"]}}]"
  }
},
{
  "model": "admin.logentry",
  "pk": 30,
  "fields": {
    "action_time": "2025-04-21T14:33:02.008",
    "user": 1,
    "content_type": 7,
    "object_id": "3",
    "object_repr": "普通用户",
    "action_flag": 2,
    "change_message": "[{\"changed\": {\"fields\": [\"\\u89d2\\u8272\\u540d\\u79f0\", \"\\u6392\\u5e8f\"]}}]"
  }
},
{
  "model": "admin.logentry",
  "pk": 31,
  "fields": {
    "action_time": "2025-04-21T14:33:55.709",
    "user": 1,
    "content_type": 7,
    "object_id": "1",
    "object_repr": "超级管理员",
    "action_flag": 2,
    "change_message": "[{\"changed\": {\"fields\": [\"\\u89d2\\u8272\\u7f16\\u7801\"]}}]"
  }
},
{
  "model": "admin.logentry",
  "pk": 32,
  "fields": {
    "action_time": "2025-04-21T14:34:07.688",
    "user": 1,
    "content_type": 7,
    "object_id": "2",
    "object_repr": "普通管理员",
    "action_flag": 2,
    "change_message": "[{\"changed\": {\"fields\": [\"\\u89d2\\u8272\\u7f16\\u7801\"]}}]"
  }
},
{
  "model": "admin.logentry",
  "pk": 33,
  "fields": {
    "action_time": "2025-04-21T14:34:13.555",
    "user": 1,
    "content_type": 7,
    "object_id": "3",
    "object_repr": "普通用户",
    "action_flag": 2,
    "change_message": "[{\"changed\": {\"fields\": [\"\\u89d2\\u8272\\u7f16\\u7801\"]}}]"
  }
},
{
  "model": "admin.logentry",
  "pk": 34,
  "fields": {
    "action_time": "2025-04-21T14:40:27.850",
    "user": 1,
    "content_type": 10,
    "object_id": "2",
    "object_repr": "gest",
    "action_flag": 2,
    "change_message": "[{\"changed\": {\"fields\": [\"\\u89d2\\u8272\"]}}]"
  }
},
{
  "model": "admin.logentry",
  "pk": 35,
  "fields": {
    "action_time": "2025-04-21T14:57:32.914",
    "user": 1,
    "content_type": 8,
    "object_id": "2",
    "object_repr": "系统总览",
    "action_flag": 2,
    "change_message": "[{\"changed\": {\"fields\": [\"\\u83dc\\u5355\\u7f16\\u7801\", \"\\u8def\\u7531\\u5730\\u5740\"]}}]"
  }
},
{
  "model": "admin.logentry",
  "pk": 36,
  "fields": {
    "action_time": "2025-04-21T14:59:59.761",
    "user": 1,
    "content_type": 8,
    "object_id": "9",
    "object_repr": "仪表盘",
    "action_flag": 1,
    "change_message": "[{\"added\": {}}]"
  }
},
{
  "model": "admin.logentry",
  "pk": 37,
  "fields": {
    "action_time": "2025-04-21T15:01:04.486",
    "user": 1,
    "content_type": 8,
    "object_id": "5",
    "object_repr": "用户管理",
    "action_flag": 2,
    "change_message": "[{\"changed\": {\"fields\": [\"\\u83dc\\u5355\\u7f16\\u7801\"]}}]"
  }
},
{
  "model": "admin.logentry",
  "pk": 38,
  "fields": {
    "action_time": "2025-04-21T15:01:18.504",
    "user": 1,
    "content_type": 8,
    "object_id": "4",
    "object_repr": "系统管理",
    "action_flag": 2,
    "change_message": "[{\"changed\": {\"fields\": [\"\\u83dc\\u5355\\u7f16\\u7801\"]}}]"
  }
},
{
  "model": "admin.logentry",
  "pk": 39,
  "fields": {
    "action_time": "2025-04-21T15:01:18.611",
    "user": 1,
    "content_type": 8,
    "object_id": "4",
    "object_repr": "系统管理",
    "action_flag": 2,
    "change_message": "[]"
  }
},
{
  "model": "admin.logentry",
  "pk": 40,
  "fields": {
    "action_time": "2025-04-21T15:01:27.009",
    "user": 1,
    "content_type": 8,
    "object_id": "6",
    "object_repr": "部门管理",
    "action_flag": 2,
    "change_message": "[{\"changed\": {\"fields\": [\"\\u83dc\\u5355\\u7f16\\u7801\"]}}]"
  }
},
{
  "model": "admin.logentry",
  "pk": 41,
  "fields": {
    "action_time": "2025-04-21T15:01:40.917",
    "user": 1,
    "content_type": 8,
    "object_id": "7",
    "object_repr": "菜单管理",
    "action_flag": 2,
    "change_message": "[{\"changed\": {\"fields\": [\"\\u83dc\\u5355\\u7f16\\u7801\", \"\\u6392\\u5e8f\"]}}]"
  }
},
{
  "model": "admin.logentry",
  "pk": 42,
  "fields": {
    "action_time": "2025-04-21T15:01:52.742",
    "user": 1,
    "content_type": 8,
    "object_id": "8",
    "object_repr": "角色管理",
    "action_flag": 2,
    "change_message": "[{\"changed\": {\"fields\": [\"\\u83dc\\u5355\\u7f16\\u7801\", \"\\u6392\\u5e8f\"]}}]"
  }
},
{
  "model": "admin.logentry",
  "pk": 43,
  "fields": {
    "action_time": "2025-04-21T15:02:19.420",
    "user": 1,
    "content_type": 8,
    "object_id": "1",
    "object_repr": "商品统计",
    "action_flag": 2,
    "change_message": "[{\"changed\": {\"fields\": [\"\\u6392\\u5e8f\"]}}]"
  }
},
{
  "model": "admin.logentry",
  "pk": 44,
  "fields": {
    "action_time": "2025-04-21T15:07:45.620",
    "user": 1,
    "content_type": 8,
    "object_id": "2",
    "object_repr": "系统总览",
    "action_flag": 2,
    "change_message": "[{\"changed\": {\"fields\": [\"\\u8def\\u7531\\u5730\\u5740\", \"\\u6392\\u5e8f\"]}}]"
  }
},
{
  "model": "admin.logentry",
  "pk": 45,
  "fields": {
    "action_time": "2025-04-21T15:08:07.172",
    "user": 1,
    "content_type": 8,
    "object_id": "3",
    "object_repr": "核心技术",
    "action_flag": 2,
    "change_message": "[{\"changed\": {\"fields\": [\"\\u6392\\u5e8f\"]}}]"
  }
},
{
  "model": "admin.logentry",
  "pk": 46,
  "fields": {
    "action_time": "2025-04-21T15:09:21.126",
    "user": 1,
    "content_type": 8,
    "object_id": "3",
    "object_repr": "仪表盘",
    "action_flag": 2,
    "change_message": "[{\"changed\": {\"fields\": [\"\\u83dc\\u5355\\u540d\\u79f0\", \"\\u83dc\\u5355\\u7f16\\u7801\", \"\\u8def\\u7531\\u5730\\u5740\", \"\\u6392\\u5e8f\"]}}]"
  }
},
{
  "model": "admin.logentry",
  "pk": 47,
  "fields": {
    "action_time": "2025-04-21T15:09:37.957",
    "user": 1,
    "content_type": 8,
    "object_id": "1",
    "object_repr": "仪表盘",
    "action_flag": 2,
    "change_message": "[{\"changed\": {\"fields\": [\"\\u83dc\\u5355\\u540d\\u79f0\"]}}]"
  }
},
{
  "model": "admin.logentry",
  "pk": 48,
  "fields": {
    "action_time": "2025-04-21T15:14:06.705",
    "user": 1,
    "content_type": 8,
    "object_id": "9",
    "object_repr": "核心技术",
    "action_flag": 2,
    "change_message": "[{\"changed\": {\"fields\": [\"\\u83dc\\u5355\\u540d\\u79f0\", \"\\u83dc\\u5355\\u7f16\\u7801\", \"\\u4e0a\\u7ea7\\u83dc\\u5355\", \"\\u8def\\u7531\\u5730\\u5740\"]}}]"
  }
},
{
  "model": "admin.logentry",
  "pk": 49,
  "fields": {
    "action_time": "2025-04-21T15:15:01.559",
    "user": 1,
    "content_type": 8,
    "object_id": "4",
    "object_repr": "系统管理",
    "action_flag": 2,
    "change_message": "[{\"changed\": {\"fields\": [\"\\u6392\\u5e8f\"]}}]"
  }
},
{
  "model": "admin.logentry",
  "pk": 50,
  "fields": {
    "action_time": "2025-04-21T15:15:21.829",
    "user": 1,
    "content_type": 8,
    "object_id": "5",
    "object_repr": "用户管理",
    "action_flag": 2,
    "change_message": "[{\"changed\": {\"fields\": [\"\\u6392\\u5e8f\"]}}]"
  }
},
{
  "model": "admin.logentry",
  "pk": 51,
  "fields": {
    "action_time": "2025-04-21T15:15:33.011",
    "user": 1,
    "content_type": 8,
    "object_id": "6",
    "object_repr": "部门管理",
    "action_flag": 2,
    "change_message": "[{\"changed\": {\"fields\": [\"\\u6392\\u5e8f\"]}}]"
  }
},
{
  "model": "admin.logentry",
  "pk": 52,
  "fields": {
    "action_time": "2025-04-21T15:15:33.121",
    "user": 1,
    "content_type": 8,
    "object_id": "6",
    "object_repr": "部门管理",
    "action_flag": 2,
    "change_message": "[]"
  }
},
{
  "model": "admin.logentry",
  "pk": 53,
  "fields": {
    "action_time": "2025-04-21T15:15:40.537",
    "user": 1,
    "content_type": 8,
    "object_id": "7",
    "object_repr": "菜单管理",
    "action_flag": 2,
    "change_message": "[]"
  }
},
{
  "model": "admin.logentry",
  "pk": 54,
  "fields": {
    "action_time": "2025-04-21T15:15:40.660",
    "user": 1,
    "content_type": 8,
    "object_id": "7",
    "object_repr": "菜单管理",
    "action_flag": 2,
    "change_message": "[]"
  }
},
{
  "model": "admin.logentry",
  "pk": 55,
  "fields": {
    "action_time": "2025-04-21T15:15:48.956",
    "user": 1,
    "content_type": 8,
    "object_id": "8",
    "object_repr": "角色管理",
    "action_flag": 2,
    "change_message": "[]"
  }
},
{
  "model": "admin.logentry",
  "pk": 56,
  "fields": {
    "action_time": "2025-04-21T15:18:04.577",
    "user": 1,
    "content_type": 8,
    "object_id": "1",
    "object_repr": "系统总览",
    "action_flag": 2,
    "change_message": "[{\"changed\": {\"fields\": [\"\\u83dc\\u5355\\u540d\\u79f0\", \"\\u83dc\\u5355\\u7f16\\u7801\", \"\\u83dc\\u5355\\u7c7b\\u578b\", \"\\u4e0a\\u7ea7\\u83dc\\u5355\", \"\\u8def\\u7531\\u5730\\u5740\", \"\\u56fe\\u6807\", \"\\u6392\\u5e8f\"]}}]"
  }
},
{
  "model": "admin.logentry",
  "pk": 57,
  "fields": {
    "action_time": "2025-04-21T15:18:25.485",
    "user": 1,
    "content_type": 8,
    "object_id": "2",
    "object_repr": "核心技术",
    "action_flag": 2,
    "change_message": "[{\"changed\": {\"fields\": [\"\\u83dc\\u5355\\u540d\\u79f0\"]}}]"
  }
},
{
  "model": "admin.logentry",
  "pk": 58,
  "fields": {
    "action_time": "2025-04-21T15:19:29.243",
    "user": 1,
    "content_type": 8,
    "object_id": "2",
    "object_repr": "核心技术",
    "action_flag": 2,
    "change_message": "[{\"changed\": {\"fields\": [\"\\u83dc\\u5355\\u7c7b\\u578b\"]}}]"
  }
},
{
  "model": "admin.logentry",
  "pk": 59,
  "fields": {
    "action_time": "2025-04-21T15:19:40.047",
    "user": 1,
    "content_type": 8,
    "object_id": "1",
    "object_repr": "系统总览",
    "action_flag": 2,
    "change_message": "[{\"changed\": {\"fields\": [\"\\u83dc\\u5355\\u7f16\\u7801\", \"\\u8def\\u7531\\u5730\\u5740\"]}}]"
  }
},
{
  "model": "admin.logentry",
  "pk": 60,
  "fields": {
    "action_time": "2025-04-21T15:20:08.956",
    "user": 1,
    "content_type": 8,
    "object_id": "2",
    "object_repr": "核心技术",
    "action_flag": 2,
    "change_message": "[{\"changed\": {\"fields\": [\"\\u4e0a\\u7ea7\\u83dc\\u5355\", \"\\u8def\\u7531\\u5730\\u5740\", \"\\u56fe\\u6807\", \"\\u6392\\u5e8f\"]}}]"
  }
},
{
  "model": "admin.logentry",
  "pk": 61,
  "fields": {
    "action_time": "2025-04-21T15:20:16.099",
    "user": 1,
    "content_type": 8,
    "object_id": "2",
    "object_repr": "核心技术",
    "action_flag": 2,
    "change_message": "[]"
  }
},
{
  "model": "admin.logentry",
  "pk": 62,
  "fields": {
    "action_time": "2025-04-21T15:20:37.310",
    "user": 1,
    "content_type": 8,
    "object_id": "3",
    "object_repr": "仪表盘",
    "action_flag": 2,
    "change_message": "[{\"changed\": {\"fields\": [\"\\u4e0a\\u7ea7\\u83dc\\u5355\"]}}]"
  }
},
{
  "model": "admin.logentry",
  "pk": 63,
  "fields": {
    "action_time": "2025-04-21T15:20:56.982",
    "user": 1,
    "content_type": 8,
    "object_id": "4",
    "object_repr": "系统管理",
    "action_flag": 2,
    "change_message": "[]"
  }
},
{
  "model": "admin.logentry",
  "pk": 64,
  "fields": {
    "action_time": "2025-04-21T15:21:08.162",
    "user": 1,
    "content_type": 8,
    "object_id": "5",
    "object_repr": "用户管理",
    "action_flag": 2,
    "change_message": "[]"
  }
},
{
  "model": "admin.logentry",
  "pk": 65,
  "fields": {
    "action_time": "2025-04-21T15:21:12.909",
    "user": 1,
    "content_type": 8,
    "object_id": "6",
    "object_repr": "部门管理",
    "action_flag": 2,
    "change_message": "[]"
  }
},
{
  "model": "admin.logentry",
  "pk": 66,
  "fields": {
    "action_time": "2025-04-21T15:21:17.607",
    "user": 1,
    "content_type": 8,
    "object_id": "7",
    "object_repr": "菜单管理",
    "action_flag": 2,
    "change_message": "[]"
  }
},
{
  "model": "admin.logentry",
  "pk": 67,
  "fields": {
    "action_time": "2025-04-21T15:21:22.169",
    "user": 1,
    "content_type": 8,
    "object_id": "8",
    "object_repr": "角色管理",
    "action_flag": 2,
    "change_message": "[]"
  }
},
{
  "model": "admin.logentry",
  "pk": 68,
  "fields": {
    "action_time": "2025-04-21T15:22:40.105",
    "user": 1,
    "content_type": 8,
    "object_id": "9",
    "object_repr": "商品中心",
    "action_flag": 2,
    "change_message": "[{\"changed\": {\"fields\": [\"\\u83dc\\u5355\\u540d\\u79f0\", \"\\u83dc\\u5355\\u7f16\\u7801\", \"\\u83dc\\u5355\\u7c7b\\u578b\", \"\\u4e0a\\u7ea7\\u83dc\\u5355\", \"\\u8def\\u7531\\u5730\\u5740\", \"\\u56fe\\u6807\", \"\\u6392\\u5e8f\"]}}]"
  }
},
{
  "model": "admin.logentry",
  "pk": 69,
  "fields": {
    "action_time": "2025-04-21T15:23:17.446",
    "user": 1,
    "content_type": 8,
    "object_id": "10",
    "object_repr": "商品类别",
    "action_flag": 1,
    "change_message": "[{\"added\": {}}]"
  }
},
{
  "model": "admin.logentry",
  "pk": 70,
  "fields": {
    "action_time": "2025-04-21T15:23:53.516",
    "user": 1,
    "content_type": 8,
    "object_id": "11",
    "object_repr": "商品信息",
    "action_flag": 1,
    "change_message": "[{\"added\": {}}]"
  }
},
{
  "model": "admin.logentry",
  "pk": 71,
  "fields": {
    "action_time": "2025-04-21T15:25:41.420",
    "user": 1,
    "content_type": 8,
    "object_id": "12",
    "object_repr": "随便聊聊",
    "action_flag": 1,
    "change_message": "[{\"added\": {}}]"
  }
},
{
  "model": "admin.logentry",
  "pk": 72,
  "fields": {
    "action_time": "2025-04-21T15:26:12.376",
    "user": 1,
    "content_type": 8,
    "object_id": "13",
    "object_repr": "你的故事",
    "action_flag": 1,
    "change_message": "[{\"added\": {}}]"
  }
},
{
  "model": "admin.logentry",
  "pk": 73,
  "fields": {
    "action_time": "2025-04-21T15:26:41.579",
    "user": 1,
    "content_type": 8,
    "object_id": "14",
    "object_repr": "故事列表",
    "action_flag": 1,
    "change_message": "[{\"added\": {}}]"
  }
},
{
  "model": "admin.logentry",
  "pk": 74,
  "fields": {
    "action_time": "2025-04-21T15:27:28.255",
    "user": 1,
    "content_type": 8,
    "object_id": "15",
    "object_repr": "实例",
    "action_flag": 1,
    "change_message": "[{\"added\": {}}]"
  }
},
{
  "model": "admin.logentry",
  "pk": 75,
  "fields": {
    "action_time": "2025-04-21T15:28:02.864",
    "user": 1,
    "content_type": 8,
    "object_id": "16",
    "object_repr": "表格",
    "action_flag": 1,
    "change_message": "[{\"added\": {}}]"
  }
},
{
  "model": "admin.logentry",
  "pk": 76,
  "fields": {
    "action_time": "2025-04-21T15:28:33.658",
    "user": 1,
    "content_type": 8,
    "object_id": "17",
    "object_repr": "树形控件",
    "action_flag": 1,
    "change_message": "[{\"added\": {}}]"
  }
},
{
  "model": "admin.logentry",
  "pk": 77,
  "fields": {
    "action_time": "2025-04-22T11:12:18.177",
    "user": 1,
    "content_type": 10,
    "object_id": "3",
    "object_repr": "james",
    "action_flag": 3,
    "change_message": ""
  }
},
{
  "model": "admin.logentry",
  "pk": 78,
  "fields": {
    "action_time": "2025-04-22T11:17:07.965",
    "user": 1,
    "content_type": 10,
    "object_id": "4",
    "object_repr": "james",
    "action_flag": 3,
    "change_message": ""
  }
},
{
  "model": "admin.logentry",
  "pk": 79,
  "fields": {
    "action_time": "2025-04-22T14:38:51.824",
    "user": 1,
    "content_type": 10,
    "object_id": "6",
    "object_repr": "test",
    "action_flag": 1,
    "change_message": "[{\"added\": {}}]"
  }
},
{
  "model": "admin.logentry",
  "pk": 80,
  "fields": {
    "action_time": "2025-04-22T14:39:28.072",
    "user": 1,
    "content_type": 10,
    "object_id": "6",
    "object_repr": "test",
    "action_flag": 2,
    "change_message": "[{\"changed\": {\"fields\": [\"\\u771f\\u5b9e\\u59d3\\u540d\", \"\\u6027\\u522b\", \"\\u90ae\\u7bb1\", \"\\u624b\\u673a\\u53f7\", \"\\u89d2\\u8272\"]}}]"
  }
},
{
  "model": "admin.logentry",
  "pk": 81,
  "fields": {
    "action_time": "2025-04-22T14:39:48.973",
    "user": 1,
    "content_type": 10,
    "object_id": "6",
    "object_repr": "test",
    "action_flag": 2,
    "change_message": "[{\"changed\": {\"fields\": [\"\\u90e8\\u95e8\"]}}]"
  }
},
{
  "model": "admin.logentry",
  "pk": 82,
  "fields": {
    "action_time": "2025-04-22T14:41:04.537",
    "user": 1,
    "content_type": 10,
    "object_id": "1",
    "object_repr": "root",
    "action_flag": 2,
    "change_message": "[{\"changed\": {\"fields\": [\"\\u771f\\u5b9e\\u59d3\\u540d\", \"\\u6027\\u522b\", \"\\u90e8\\u95e8\", \"\\u89d2\\u8272\", \"Last login\"]}}]"
  }
},
{
  "model": "admin.logentry",
  "pk": 83,
  "fields": {
    "action_time": "2025-04-22T14:41:27.363",
    "user": 1,
    "content_type": 10,
    "object_id": "7",
    "object_repr": "lucy",
    "action_flag": 1,
    "change_message": "[{\"added\": {}}]"
  }
},
{
  "model": "admin.logentry",
  "pk": 84,
  "fields": {
    "action_time": "2025-04-22T14:42:13.938",
    "user": 1,
    "content_type": 10,
    "object_id": "7",
    "object_repr": "lucy",
    "action_flag": 2,
    "change_message": "[{\"changed\": {\"fields\": [\"\\u771f\\u5b9e\\u59d3\\u540d\", \"\\u6027\\u522b\", \"\\u624b\\u673a\\u53f7\", \"\\u90e8\\u95e8\", \"\\u89d2\\u8272\", \"Last login\"]}}]"
  }
},
{
  "model": "admin.logentry",
  "pk": 85,
  "fields": {
    "action_time": "2025-04-22T14:55:40.150",
    "user": 1,
    "content_type": 10,
    "object_id": "5",
    "object_repr": "james",
    "action_flag": 2,
    "change_message": "[{\"changed\": {\"fields\": [\"\\u6027\\u522b\", \"\\u90ae\\u7bb1\", \"\\u90e8\\u95e8\", \"\\u89d2\\u8272\"]}}]"
  }
},
{
  "model": "admin.logentry",
  "pk": 86,
  "fields": {
    "action_time": "2025-04-22T14:56:26.069",
    "user": 1,
    "content_type": 10,
    "object_id": "1",
    "object_repr": "root",
    "action_flag": 2,
    "change_message": "[{\"changed\": {\"fields\": [\"\\u624b\\u673a\\u53f7\"]}}]"
  }
},
{
  "model": "admin.logentry",
  "pk": 87,
  "fields": {
    "action_time": "2025-04-22T15:31:09.930",
    "user": 1,
    "content_type": 10,
    "object_id": "7",
    "object_repr": "lucy",
    "action_flag": 2,
    "change_message": "[{\"changed\": {\"fields\": [\"\\u72b6\\u6001\"]}}]"
  }
},
{
  "model": "admin.logentry",
  "pk": 88,
  "fields": {
    "action_time": "2025-04-22T15:41:40.326",
    "user": 1,
    "content_type": 10,
    "object_id": "8",
    "object_repr": "admin",
    "action_flag": 1,
    "change_message": "[{\"added\": {}}]"
  }
},
{
  "model": "admin.logentry",
  "pk": 89,
  "fields": {
    "action_time": "2025-04-22T15:42:19.393",
    "user": 1,
    "content_type": 10,
    "object_id": "8",
    "object_repr": "admin",
    "action_flag": 2,
    "change_message": "[{\"changed\": {\"fields\": [\"\\u771f\\u5b9e\\u59d3\\u540d\", \"\\u6027\\u522b\", \"\\u90ae\\u7bb1\", \"\\u624b\\u673a\\u53f7\", \"\\u90e8\\u95e8\", \"\\u89d2\\u8272\"]}}]"
  }
},
{
  "model": "admin.logentry",
  "pk": 90,
  "fields": {
    "action_time": "2025-04-22T15:42:38.640",
    "user": 1,
    "content_type": 10,
    "object_id": "9",
    "object_repr": "user",
    "action_flag": 1,
    "change_message": "[{\"added\": {}}]"
  }
},
{
  "model": "admin.logentry",
  "pk": 91,
  "fields": {
    "action_time": "2025-04-22T15:43:11.628",
    "user": 1,
    "content_type": 10,
    "object_id": "9",
    "object_repr": "user",
    "action_flag": 2,
    "change_message": "[{\"changed\": {\"fields\": [\"\\u771f\\u5b9e\\u59d3\\u540d\", \"\\u6027\\u522b\", \"\\u90ae\\u7bb1\", \"\\u624b\\u673a\\u53f7\", \"\\u90e8\\u95e8\", \"\\u89d2\\u8272\"]}}]"
  }
},
{
  "model": "admin.logentry",
  "pk": 92,
  "fields": {
    "action_time": "2025-04-22T15:59:13.769",
    "user": 1,
    "content_type": 7,
    "object_id": "2",
    "object_repr": "普通管理员",
    "action_flag": 2,
    "change_message": "[{\"changed\": {\"fields\": [\"\\u83dc\\u5355\\u6743\\u9650\"]}}]"
  }
},
{
  "model": "admin.logentry",
  "pk": 93,
  "fields": {
    "action_time": "2025-04-22T15:59:41.420",
    "user": 1,
    "content_type": 7,
    "object_id": "3",
    "object_repr": "普通用户",
    "action_flag": 2,
    "change_message": "[{\"changed\": {\"fields\": [\"\\u83dc\\u5355\\u6743\\u9650\"]}}]"
  }
},
{
  "model": "admin.logentry",
  "pk": 94,
  "fields": {
    "action_time": "2025-04-22T16:18:02.707",
    "user": 1,
    "content_type": 10,
    "object_id": "10",
    "object_repr": "user002",
    "action_flag": 1,
    "change_message": "[{\"added\": {}}]"
  }
},
{
  "model": "admin.logentry",
  "pk": 95,
  "fields": {
    "action_time": "2025-04-22T16:18:57.547",
    "user": 1,
    "content_type": 10,
    "object_id": "10",
    "object_repr": "user002",
    "action_flag": 2,
    "change_message": "[{\"changed\": {\"fields\": [\"\\u771f\\u5b9e\\u59d3\\u540d\", \"\\u6027\\u522b\", \"\\u90ae\\u7bb1\", \"\\u624b\\u673a\\u53f7\", \"\\u90e8\\u95e8\", \"\\u89d2\\u8272\"]}}]"
  }
},
{
  "model": "admin.logentry",
  "pk": 96,
  "fields": {
    "action_time": "2025-04-22T16:34:29.290",
    "user": 1,
    "content_type": 10,
    "object_id": "8",
    "object_repr": "admin",
    "action_flag": 2,
    "change_message": "[{\"changed\": {\"fields\": [\"User permissions\"]}}]"
  }
},
{
  "model": "admin.logentry",
  "pk": 97,
  "fields": {
    "action_time": "2025-04-22T16:56:57.582",
    "user": 1,
    "content_type": 7,
    "object_id": "3",
    "object_repr": "普通用户",
    "action_flag": 2,
    "change_message": "[{\"changed\": {\"fields\": [\"\\u83dc\\u5355\\u6743\\u9650\"]}}]"
  }
},
{
  "model": "admin.logentry",
  "pk": 98,
  "fields": {
    "action_time": "2025-04-22T16:57:14.222",
    "user": 1,
    "content_type": 7,
    "object_id": "2",
    "object_repr": "普通管理员",
    "action_flag": 2,
    "change_message": "[{\"changed\": {\"fields\": [\"\\u83dc\\u5355\\u6743\\u9650\"]}}]"
  }
},
{
  "model": "admin.logentry",
  "pk": 99,
  "fields": {
    "action_time": "2025-04-22T16:58:14.056",
    "user": 1,
    "content_type": 7,
    "object_id": "2",
    "object_repr": "普通管理员",
    "action_flag": 2,
    "change_message": "[{\"changed\": {\"fields\": [\"\\u83dc\\u5355\\u6743\\u9650\"]}}]"
  }
},
{
  "model": "admin.logentry",
  "pk": 100,
  "fields": {
    "action_time": "2025-04-22T16:58:45.477",
    "user": 1,
    "content_type": 7,
    "object_id": "2",
    "object_repr": "普通管理员",
    "action_flag": 2,
    "change_message": "[{\"changed\": {\"fields\": [\"\\u83dc\\u5355\\u6743\\u9650\"]}}]"
  }
},
{
  "model": "admin.logentry",
  "pk": 101,
  "fields": {
    "action_time": "2025-04-22T16:59:08.582",
    "user": 1,
    "content_type": 7,
    "object_id": "2",
    "object_repr": "普通管理员",
    "action_flag": 2,
    "change_message": "[{\"changed\": {\"fields\": [\"\\u83dc\\u5355\\u6743\\u9650\"]}}]"
  }
},
{
  "model": "admin.logentry",
  "pk": 102,
  "fields": {
    "action_time": "2025-04-22T16:59:27.737",
    "user": 1,
    "content_type": 7,
    "object_id": "3",
    "object_repr": "普通用户",
    "action_flag": 2,
    "change_message": "[{\"changed\": {\"fields\": [\"\\u83dc\\u5355\\u6743\\u9650\"]}}]"
  }
},
{
  "model": "admin.logentry",
  "pk": 103,
  "fields": {
    "action_time": "2025-04-23T15:32:11.722",
    "user": 1,
    "content_type": 10,
    "object_id": "17",
    "object_repr": "admin001",
    "action_flag": 2,
    "change_message": "[{\"changed\": {\"fields\": [\"User permissions\"]}}]"
  }
},
{
  "model": "admin.logentry",
  "pk": 104,
  "fields": {
    "action_time": "2025-04-23T15:39:32.447",
    "user": 1,
    "content_type": 10,
    "object_id": "17",
    "object_repr": "admin001",
    "action_flag": 2,
    "change_message": "[{\"changed\": {\"fields\": [\"User permissions\"]}}]"
  }
},
{
  "model": "admin.logentry",
  "pk": 105,
  "fields": {
    "action_time": "2025-04-23T15:44:32.634",
    "user": 1,
    "content_type": 10,
    "object_id": "17",
    "object_repr": "admin001",
    "action_flag": 2,
    "change_message": "[{\"changed\": {\"fields\": [\"Staff status\"]}}]"
  }
},
{
  "model": "admin.logentry",
  "pk": 106,
  "fields": {
    "action_time": "2025-04-24T10:11:15.452",
    "user": 1,
    "content_type": 9,
    "object_id": "2",
    "object_repr": "研发",
    "action_flag": 2,
    "change_message": "[{\"changed\": {\"fields\": [\"\\u90e8\\u95e8\\u7f16\\u7801\", \"\\u4e0a\\u7ea7\\u90e8\\u95e8\", \"\\u6392\\u5e8f\"]}}]"
  }
},
{
  "model": "admin.logentry",
  "pk": 107,
  "fields": {
    "action_time": "2025-04-24T10:12:23.433",
    "user": 1,
    "content_type": 9,
    "object_id": "3",
    "object_repr": "人事",
    "action_flag": 2,
    "change_message": "[{\"changed\": {\"fields\": [\"\\u90e8\\u95e8\\u7f16\\u7801\", \"\\u4e0a\\u7ea7\\u90e8\\u95e8\", \"\\u6392\\u5e8f\"]}}]"
  }
},
{
  "model": "admin.logentry",
  "pk": 108,
  "fields": {
    "action_time": "2025-04-24T10:16:13.465",
    "user": 1,
    "content_type": 9,
    "object_id": "2",
    "object_repr": "研发",
    "action_flag": 2,
    "change_message": "[{\"changed\": {\"fields\": [\"\\u6392\\u5e8f\"]}}]"
  }
},
{
  "model": "admin.logentry",
  "pk": 109,
  "fields": {
    "action_time": "2025-04-24T10:23:24.180",
    "user": 1,
    "content_type": 9,
    "object_id": "1",
    "object_repr": "总裁",
    "action_flag": 2,
    "change_message": "[{\"changed\": {\"fields\": [\"\\u4e0a\\u7ea7\\u90e8\\u95e8\"]}}]"
  }
},
{
  "model": "admin.logentry",
  "pk": 110,
  "fields": {
    "action_time": "2025-04-24T10:23:49.632",
    "user": 1,
    "content_type": 9,
    "object_id": "1",
    "object_repr": "总裁",
    "action_flag": 2,
    "change_message": "[{\"changed\": {\"fields\": [\"\\u4e0a\\u7ea7\\u90e8\\u95e8\"]}}]"
  }
},
{
  "model": "admin.logentry",
  "pk": 111,
  "fields": {
    "action_time": "2025-04-26T10:17:05.938",
    "user": 1,
    "content_type": 7,
    "object_id": "6",
    "object_repr": "test3",
    "action_flag": 2,
    "change_message": "[{\"changed\": {\"fields\": [\"\\u83dc\\u5355\\u6743\\u9650\"]}}]"
  }
},
{
  "model": "admin.logentry",
  "pk": 112,
  "fields": {
    "action_time": "2025-04-26T17:08:49.357",
    "user": 1,
    "content_type": 8,
    "object_id": "25",
    "object_repr": "创建用户",
    "action_flag": 1,
    "change_message": "[{\"added\": {}}]"
  }
},
{
  "model": "admin.logentry",
  "pk": 113,
  "fields": {
    "action_time": "2025-04-26T17:10:19.480",
    "user": 1,
    "content_type": 8,
    "object_id": "26",
    "object_repr": "修改用户",
    "action_flag": 1,
    "change_message": "[{\"added\": {}}]"
  }
},
{
  "model": "admin.logentry",
  "pk": 114,
  "fields": {
    "action_time": "2025-04-26T17:10:59.083",
    "user": 1,
    "content_type": 8,
    "object_id": "27",
    "object_repr": "删除用户",
    "action_flag": 1,
    "change_message": "[{\"added\": {}}]"
  }
},
{
  "model": "admin.logentry",
  "pk": 115,
  "fields": {
    "action_time": "2025-04-26T17:11:37.674",
    "user": 1,
    "content_type": 8,
    "object_id": "28",
    "object_repr": "查询用户",
    "action_flag": 1,
    "change_message": "[{\"added\": {}}]"
  }
},
{
  "model": "admin.logentry",
  "pk": 116,
  "fields": {
    "action_time": "2025-04-26T17:13:04.208",
    "user": 1,
    "content_type": 8,
    "object_id": "29",
    "object_repr": "创建部门",
    "action_flag": 1,
    "change_message": "[{\"added\": {}}]"
  }
},
{
  "model": "admin.logentry",
  "pk": 117,
  "fields": {
    "action_time": "2025-04-26T17:14:07.843",
    "user": 1,
    "content_type": 8,
    "object_id": "30",
    "object_repr": "修改部门",
    "action_flag": 1,
    "change_message": "[{\"added\": {}}]"
  }
},
{
  "model": "admin.logentry",
  "pk": 118,
  "fields": {
    "action_time": "2025-04-26T17:29:19.008",
    "user": 1,
    "content_type": 8,
    "object_id": "31",
    "object_repr": "查询部门",
    "action_flag": 1,
    "change_message": "[{\"added\": {}}]"
  }
},
{
  "model": "admin.logentry",
  "pk": 119,
  "fields": {
    "action_time": "2025-04-26T17:29:46.031",
    "user": 1,
    "content_type": 8,
    "object_id": "32",
    "object_repr": "删除部门",
    "action_flag": 1,
    "change_message": "[{\"added\": {}}]"
  }
},
{
  "model": "admin.logentry",
  "pk": 120,
  "fields": {
    "action_time": "2025-04-26T17:31:39.165",
    "user": 1,
    "content_type": 8,
    "object_id": "32",
    "object_repr": "删除部门",
    "action_flag": 2,
    "change_message": "[{\"changed\": {\"fields\": [\"\\u83dc\\u5355\\u7f16\\u7801\"]}}]"
  }
},
{
  "model": "admin.logentry",
  "pk": 121,
  "fields": {
    "action_time": "2025-04-26T23:41:10.269",
    "user": 1,
    "content_type": 8,
    "object_id": "33",
    "object_repr": "创建角色",
    "action_flag": 1,
    "change_message": "[{\"added\": {}}]"
  }
},
{
  "model": "admin.logentry",
  "pk": 122,
  "fields": {
    "action_time": "2025-04-26T23:42:01.228",
    "user": 1,
    "content_type": 8,
    "object_id": "34",
    "object_repr": "删除角色",
    "action_flag": 1,
    "change_message": "[{\"added\": {}}]"
  }
},
{
  "model": "admin.logentry",
  "pk": 123,
  "fields": {
    "action_time": "2025-04-26T23:42:52.482",
    "user": 1,
    "content_type": 8,
    "object_id": "35",
    "object_repr": "修改角色",
    "action_flag": 1,
    "change_message": "[{\"added\": {}}]"
  }
},
{
  "model": "admin.logentry",
  "pk": 124,
  "fields": {
    "action_time": "2025-04-26T23:44:11.528",
    "user": 1,
    "content_type": 8,
    "object_id": "36",
    "object_repr": "查询角色",
    "action_flag": 1,
    "change_message": "[{\"added\": {}}]"
  }
},
{
  "model": "admin.logentry",
  "pk": 125,
  "fields": {
    "action_time": "2025-04-26T23:45:50.136",
    "user": 1,
    "content_type": 8,
    "object_id": "36",
    "object_repr": "查询角色",
    "action_flag": 2,
    "change_message": "[{\"changed\": {\"fields\": [\"\\u6743\\u9650\\u6807\\u8bc6\"]}}]"
  }
},
{
  "model": "admin.logentry",
  "pk": 126,
  "fields": {
    "action_time": "2025-04-26T23:53:55.439",
    "user": 1,
    "content_type": 8,
    "object_id": "32",
    "object_repr": "删除部门",
    "action_flag": 2,
    "change_message": "[{\"changed\": {\"fields\": [\"\\u83dc\\u5355\\u7c7b\\u578b\"]}}]"
  }
},
{
  "model": "admin.logentry",
  "pk": 127,
  "fields": {
    "action_time": "2025-04-27T00:34:34.231",
    "user": 1,
    "content_type": 10,
    "object_id": "24",
    "object_repr": "why",
    "action_flag": 2,
    "change_message": "[{\"changed\": {\"fields\": [\"\\u89d2\\u8272\"]}}]"
  }
},
{
  "model": "admin.logentry",
  "pk": 128,
  "fields": {
    "action_time": "2025-04-27T00:39:50.017",
    "user": 1,
    "content_type": 10,
    "object_id": "24",
    "object_repr": "why",
    "action_flag": 2,
    "change_message": "[{\"changed\": {\"fields\": [\"\\u89d2\\u8272\"]}}]"
  }
},
{
  "model": "admin.logentry",
  "pk": 129,
  "fields": {
    "action_time": "2025-04-28T09:52:10.529",
    "user": 1,
    "content_type": 6,
    "object_id": "1",
    "object_repr": "文具",
    "action_flag": 1,
    "change_message": "[{\"added\": {}}]"
  }
},
{
  "model": "admin.logentry",
  "pk": 130,
  "fields": {
    "action_time": "2025-04-28T09:53:00.738",
    "user": 1,
    "content_type": 6,
    "object_id": "2",
    "object_repr": "笔记本",
    "action_flag": 1,
    "change_message": "[{\"added\": {}}]"
  }
},
{
  "model": "admin.logentry",
  "pk": 131,
  "fields": {
    "action_time": "2025-04-28T17:56:33.594",
    "user": 1,
    "content_type": 8,
    "object_id": "37",
    "object_repr": "查询菜单",
    "action_flag": 1,
    "change_message": "[{\"added\": {}}]"
  }
},
{
  "model": "admin.logentry",
  "pk": 132,
  "fields": {
    "action_time": "2025-04-28T17:57:14.276",
    "user": 1,
    "content_type": 8,
    "object_id": "38",
    "object_repr": "删除菜单",
    "action_flag": 1,
    "change_message": "[{\"added\": {}}]"
  }
},
{
  "model": "admin.logentry",
  "pk": 133,
  "fields": {
    "action_time": "2025-04-28T17:57:51.612",
    "user": 1,
    "content_type": 8,
    "object_id": "39",
    "object_repr": "修改菜单",
    "action_flag": 1,
    "change_message": "[{\"added\": {}}]"
  }
},
{
  "model": "admin.logentry",
  "pk": 134,
  "fields": {
    "action_time": "2025-04-28T17:58:38.514",
    "user": 1,
    "content_type": 8,
    "object_id": "40",
    "object_repr": "创建菜单",
    "action_flag": 1,
    "change_message": "[{\"added\": {}}]"
  }
},
{
  "model": "admin.logentry",
  "pk": 135,
  "fields": {
    "action_time": "2025-04-28T18:00:15.307",
    "user": 1,
    "content_type": 8,
    "object_id": "39",
    "object_repr": "修改菜单",
    "action_flag": 2,
    "change_message": "[]"
  }
},
{
  "model": "admin.logentry",
  "pk": 136,
  "fields": {
    "action_time": "2025-04-28T18:02:30.222",
    "user": 1,
    "content_type": 8,
    "object_id": "39",
    "object_repr": "修改菜单",
    "action_flag": 2,
    "change_message": "[{\"changed\": {\"fields\": [\"\\u72b6\\u6001\"]}}]"
  }
},
{
  "model": "admin.logentry",
  "pk": 137,
  "fields": {
    "action_time": "2025-04-28T22:02:47.805",
    "user": 1,
    "content_type": 8,
    "object_id": "41",
    "object_repr": "数据统计",
    "action_flag": 1,
    "change_message": "[{\"added\": {}}]"
  }
},
{
  "model": "admin.logentry",
  "pk": 138,
  "fields": {
    "action_time": "2025-04-29T11:03:00.174",
    "user": 1,
    "content_type": 8,
    "object_id": "2",
    "object_repr": "首页",
    "action_flag": 2,
    "change_message": "[{\"changed\": {\"fields\": [\"\\u83dc\\u5355\\u540d\\u79f0\"]}}]"
  }
},
{
  "model": "admin.logentry",
  "pk": 139,
  "fields": {
    "action_time": "2025-04-29T11:47:05.614",
    "user": 1,
    "content_type": 8,
    "object_id": "42",
    "object_repr": "文件管理",
    "action_flag": 1,
    "change_message": "[{\"added\": {}}]"
  }
},
{
  "model": "admin.logentry",
  "pk": 140,
  "fields": {
    "action_time": "2025-04-29T12:06:15.317",
    "user": 1,
    "content_type": 8,
    "object_id": "43",
    "object_repr": "文件列表",
    "action_flag": 1,
    "change_message": "[{\"added\": {}}]"
  }
},
{
  "model": "admin.logentry",
  "pk": 141,
  "fields": {
    "action_time": "2025-04-29T12:07:02.158",
    "user": 1,
    "content_type": 8,
    "object_id": "44",
    "object_repr": "大文件上传",
    "action_flag": 1,
    "change_message": "[{\"added\": {}}]"
  }
},
{
  "model": "admin.logentry",
  "pk": 142,
  "fields": {
    "action_time": "2025-04-29T12:07:43.660",
    "user": 1,
    "content_type": 8,
    "object_id": "45",
    "object_repr": "图片文件上传",
    "action_flag": 1,
    "change_message": "[{\"added\": {}}]"
  }
},
{
  "model": "admin.logentry",
  "pk": 143,
  "fields": {
    "action_time": "2025-04-29T12:08:33.051",
    "user": 1,
    "content_type": 8,
    "object_id": "46",
    "object_repr": "多图片上传",
    "action_flag": 1,
    "change_message": "[{\"added\": {}}]"
  }
},
{
  "model": "admin.logentry",
  "pk": 144,
  "fields": {
    "action_time": "2025-04-30T16:10:28.067",
    "user": 1,
    "content_type": 12,
    "object_id": "50",
    "object_repr": "UserFileAccess object (50)",
    "action_flag": 3,
    "change_message": ""
  }
},
{
  "model": "admin.logentry",
  "pk": 145,
  "fields": {
    "action_time": "2025-04-30T16:18:43.627",
    "user": 1,
    "content_type": 12,
    "object_id": "51",
    "object_repr": "UserFileAccess object (51)",
    "action_flag": 3,
    "change_message": ""
  }
},
{
  "model": "admin.logentry",
  "pk": 146,
  "fields": {
    "action_time": "2025-05-06T10:40:17.485",
    "user": 1,
    "content_type": 8,
    "object_id": "51",
    "object_repr": "个人资料",
    "action_flag": 1,
    "change_message": "[{\"added\": {}}]"
  }
},
{
  "model": "admin.logentry",
  "pk": 147,
  "fields": {
    "action_time": "2025-05-07T11:59:50.662",
    "user": 1,
    "content_type": 10,
    "object_id": "23",
    "object_repr": "user008",
    "action_flag": 3,
    "change_message": ""
  }
},
{
  "model": "admin.logentry",
  "pk": 148,
  "fields": {
    "action_time": "2025-05-07T11:59:50.772",
    "user": 1,
    "content_type": 10,
    "object_id": "22",
    "object_repr": "user007",
    "action_flag": 3,
    "change_message": ""
  }
},
{
  "model": "admin.logentry",
  "pk": 149,
  "fields": {
    "action_time": "2025-05-07T11:59:50.871",
    "user": 1,
    "content_type": 10,
    "object_id": "21",
    "object_repr": "user006",
    "action_flag": 3,
    "change_message": ""
  }
},
{
  "model": "admin.logentry",
  "pk": 150,
  "fields": {
    "action_time": "2025-05-07T11:59:50.962",
    "user": 1,
    "content_type": 10,
    "object_id": "20",
    "object_repr": "user003",
    "action_flag": 3,
    "change_message": ""
  }
},
{
  "model": "admin.logentry",
  "pk": 151,
  "fields": {
    "action_time": "2025-05-07T11:59:51.029",
    "user": 1,
    "content_type": 10,
    "object_id": "18",
    "object_repr": "user005",
    "action_flag": 3,
    "change_message": ""
  }
},
{
  "model": "admin.logentry",
  "pk": 152,
  "fields": {
    "action_time": "2025-05-07T11:59:51.096",
    "user": 1,
    "content_type": 10,
    "object_id": "17",
    "object_repr": "admin001",
    "action_flag": 3,
    "change_message": ""
  }
},
{
  "model": "admin.logentry",
  "pk": 153,
  "fields": {
    "action_time": "2025-05-07T11:59:51.154",
    "user": 1,
    "content_type": 10,
    "object_id": "16",
    "object_repr": "user004",
    "action_flag": 3,
    "change_message": ""
  }
},
{
  "model": "admin.logentry",
  "pk": 154,
  "fields": {
    "action_time": "2025-05-07T11:59:51.224",
    "user": 1,
    "content_type": 10,
    "object_id": "13",
    "object_repr": "mike",
    "action_flag": 3,
    "change_message": ""
  }
},
{
  "model": "admin.logentry",
  "pk": 155,
  "fields": {
    "action_time": "2025-05-07T11:59:51.287",
    "user": 1,
    "content_type": 10,
    "object_id": "12",
    "object_repr": "user001",
    "action_flag": 3,
    "change_message": ""
  }
},
{
  "model": "admin.logentry",
  "pk": 156,
  "fields": {
    "action_time": "2025-05-07T11:59:51.357",
    "user": 1,
    "content_type": 10,
    "object_id": "8",
    "object_repr": "admin",
    "action_flag": 3,
    "change_message": ""
  }
},
{
  "model": "admin.logentry",
  "pk": 157,
  "fields": {
    "action_time": "2025-05-07T11:59:51.413",
    "user": 1,
    "content_type": 10,
    "object_id": "7",
    "object_repr": "lucy",
    "action_flag": 3,
    "change_message": ""
  }
},
{
  "model": "admin.logentry",
  "pk": 158,
  "fields": {
    "action_time": "2025-05-07T11:59:51.496",
    "user": 1,
    "content_type": 10,
    "object_id": "5",
    "object_repr": "james",
    "action_flag": 3,
    "change_message": ""
  }
},
{
  "model": "admin.logentry",
  "pk": 159,
  "fields": {
    "action_time": "2025-05-07T11:59:51.562",
    "user": 1,
    "content_type": 10,
    "object_id": "2",
    "object_repr": "gest",
    "action_flag": 3,
    "change_message": ""
  }
},
{
  "model": "admin.logentry",
  "pk": 160,
  "fields": {
    "action_time": "2025-05-07T16:15:45.390",
    "user": 1,
    "content_type": 8,
    "object_id": "2",
    "object_repr": "首页",
    "action_flag": 2,
    "change_message": "[{\"changed\": {\"fields\": [\"\\u56fe\\u6807\"]}}]"
  }
},
{
  "model": "admin.logentry",
  "pk": 161,
  "fields": {
    "action_time": "2025-05-07T16:20:05.902",
    "user": 1,
    "content_type": 8,
    "object_id": "3",
    "object_repr": "仪表盘",
    "action_flag": 2,
    "change_message": "[{\"changed\": {\"fields\": [\"\\u6743\\u9650\\u6807\\u8bc6\"]}}]"
  }
},
{
  "model": "admin.logentry",
  "pk": 162,
  "fields": {
    "action_time": "2025-05-07T16:21:26.029",
    "user": 1,
    "content_type": 8,
    "object_id": "41",
    "object_repr": "数据统计",
    "action_flag": 2,
    "change_message": "[{\"changed\": {\"fields\": [\"\\u6743\\u9650\\u6807\\u8bc6\"]}}]"
  }
},
{
  "model": "admin.logentry",
  "pk": 163,
  "fields": {
    "action_time": "2025-05-07T16:22:46.469",
    "user": 1,
    "content_type": 8,
    "object_id": "3",
    "object_repr": "仪表盘",
    "action_flag": 2,
    "change_message": "[{\"changed\": {\"fields\": [\"\\u6743\\u9650\\u6807\\u8bc6\", \"\\u56fe\\u6807\"]}}]"
  }
},
{
  "model": "admin.logentry",
  "pk": 164,
  "fields": {
    "action_time": "2025-05-07T16:23:16.066",
    "user": 1,
    "content_type": 8,
    "object_id": "41",
    "object_repr": "数据统计",
    "action_flag": 2,
    "change_message": "[{\"changed\": {\"fields\": [\"\\u6743\\u9650\\u6807\\u8bc6\", \"\\u56fe\\u6807\"]}}]"
  }
},
{
  "model": "admin.logentry",
  "pk": 165,
  "fields": {
    "action_time": "2025-05-07T16:29:57.702",
    "user": 1,
    "content_type": 8,
    "object_id": "5",
    "object_repr": "用户管理",
    "action_flag": 2,
    "change_message": "[{\"changed\": {\"fields\": [\"\\u56fe\\u6807\"]}}]"
  }
},
{
  "model": "admin.logentry",
  "pk": 166,
  "fields": {
    "action_time": "2025-05-07T16:30:27.982",
    "user": 1,
    "content_type": 8,
    "object_id": "7",
    "object_repr": "菜单管理",
    "action_flag": 2,
    "change_message": "[{\"changed\": {\"fields\": [\"\\u56fe\\u6807\"]}}]"
  }
},
{
  "model": "admin.logentry",
  "pk": 167,
  "fields": {
    "action_time": "2025-05-07T16:31:11.235",
    "user": 1,
    "content_type": 8,
    "object_id": "6",
    "object_repr": "部门管理",
    "action_flag": 2,
    "change_message": "[{\"changed\": {\"fields\": [\"\\u56fe\\u6807\"]}}]"
  }
},
{
  "model": "admin.logentry",
  "pk": 168,
  "fields": {
    "action_time": "2025-05-07T16:33:10.719",
    "user": 1,
    "content_type": 8,
    "object_id": "8",
    "object_repr": "角色管理",
    "action_flag": 2,
    "change_message": "[{\"changed\": {\"fields\": [\"\\u56fe\\u6807\"]}}]"
  }
},
{
  "model": "admin.logentry",
  "pk": 169,
  "fields": {
    "action_time": "2025-05-07T16:34:58.860",
    "user": 1,
    "content_type": 8,
    "object_id": "43",
    "object_repr": "文件列表",
    "action_flag": 2,
    "change_message": "[{\"changed\": {\"fields\": [\"\\u56fe\\u6807\"]}}]"
  }
},
{
  "model": "admin.logentry",
  "pk": 170,
  "fields": {
    "action_time": "2025-05-07T16:35:37.147",
    "user": 1,
    "content_type": 8,
    "object_id": "44",
    "object_repr": "大文件上传",
    "action_flag": 2,
    "change_message": "[{\"changed\": {\"fields\": [\"\\u56fe\\u6807\"]}}]"
  }
},
{
  "model": "admin.logentry",
  "pk": 171,
  "fields": {
    "action_time": "2025-05-07T16:35:48.321",
    "user": 1,
    "content_type": 8,
    "object_id": "45",
    "object_repr": "图片文件上传",
    "action_flag": 2,
    "change_message": "[{\"changed\": {\"fields\": [\"\\u56fe\\u6807\"]}}]"
  }
},
{
  "model": "admin.logentry",
  "pk": 172,
  "fields": {
    "action_time": "2025-05-07T16:35:54.975",
    "user": 1,
    "content_type": 8,
    "object_id": "46",
    "object_repr": "多图片上传",
    "action_flag": 2,
    "change_message": "[{\"changed\": {\"fields\": [\"\\u56fe\\u6807\"]}}]"
  }
},
{
  "model": "admin.logentry",
  "pk": 173,
  "fields": {
    "action_time": "2025-05-07T17:20:28.023",
    "user": 1,
    "content_type": 8,
    "object_id": "10",
    "object_repr": "商品类别",
    "action_flag": 2,
    "change_message": "[{\"changed\": {\"fields\": [\"\\u56fe\\u6807\"]}}]"
  }
},
{
  "model": "admin.logentry",
  "pk": 174,
  "fields": {
    "action_time": "2025-05-07T17:21:24.405",
    "user": 1,
    "content_type": 8,
    "object_id": "11",
    "object_repr": "商品信息",
    "action_flag": 2,
    "change_message": "[{\"changed\": {\"fields\": [\"\\u56fe\\u6807\"]}}]"
  }
},
{
  "model": "admin.logentry",
  "pk": 175,
  "fields": {
    "action_time": "2025-05-22T17:07:27.291",
    "user": 1,
    "content_type": 10,
    "object_id": "29",
    "object_repr": "admin",
    "action_flag": 3,
    "change_message": ""
  }
},
{
  "model": "admin.logentry",
  "pk": 176,
  "fields": {
    "action_time": "2025-05-22T17:07:27.392",
    "user": 1,
    "content_type": 10,
    "object_id": "28",
    "object_repr": "new001",
    "action_flag": 3,
    "change_message": ""
  }
},
{
  "model": "admin.logentry",
  "pk": 177,
  "fields": {
    "action_time": "2025-05-22T17:07:27.482",
    "user": 1,
    "content_type": 10,
    "object_id": "30",
    "object_repr": "superman",
    "action_flag": 3,
    "change_message": ""
  }
},
{
  "model": "admin.logentry",
  "pk": 178,
  "fields": {
    "action_time": "2025-05-22T17:07:27.550",
    "user": 1,
    "content_type": 10,
    "object_id": "32",
    "object_repr": "user001",
    "action_flag": 3,
    "change_message": ""
  }
},
{
  "model": "admin.logentry",
  "pk": 179,
  "fields": {
    "action_time": "2025-05-22T17:07:27.640",
    "user": 1,
    "content_type": 10,
    "object_id": "33",
    "object_repr": "user002",
    "action_flag": 3,
    "change_message": ""
  }
},
{
  "model": "admin.logentry",
  "pk": 180,
  "fields": {
    "action_time": "2025-05-22T17:07:27.710",
    "user": 1,
    "content_type": 10,
    "object_id": "34",
    "object_repr": "user003",
    "action_flag": 3,
    "change_message": ""
  }
},
{
  "model": "admin.logentry",
  "pk": 181,
  "fields": {
    "action_time": "2025-05-22T17:07:27.794",
    "user": 1,
    "content_type": 10,
    "object_id": "24",
    "object_repr": "why",
    "action_flag": 3,
    "change_message": ""
  }
},
{
  "model": "admin.logentry",
  "pk": 182,
  "fields": {
    "action_time": "2025-05-22T17:07:27.877",
    "user": 1,
    "content_type": 10,
    "object_id": "27",
    "object_repr": "why001",
    "action_flag": 3,
    "change_message": ""
  }
},
{
  "model": "admin.logentry",
  "pk": 183,
  "fields": {
    "action_time": "2025-05-23T15:20:53.948",
    "user": 1,
    "content_type": 10,
    "object_id": "3",
    "object_repr": "test001",
    "action_flag": 3,
    "change_message": ""
  }
},
{
  "model": "admin.logentry",
  "pk": 184,
  "fields": {
    "action_time": "2025-05-23T17:23:26.892",
    "user": 1,
    "content_type": 10,
    "object_id": "2",
    "object_repr": "admin",
    "action_flag": 3,
    "change_message": ""
  }
},
{
  "model": "admin.logentry",
  "pk": 185,
  "fields": {
    "action_time": "2025-05-23T17:40:00.034",
    "user": 1,
    "content_type": 10,
    "object_id": "6",
    "object_repr": "594542251@qq.com",
    "action_flag": 3,
    "change_message": ""
  }
},
{
  "model": "admin.logentry",
  "pk": 186,
  "fields": {
    "action_time": "2025-05-23T17:47:09.441",
    "user": 1,
    "content_type": 10,
    "object_id": "7",
    "object_repr": "594542251@qq.com",
    "action_flag": 3,
    "change_message": ""
  }
},
{
  "model": "admin.logentry",
  "pk": 187,
  "fields": {
    "action_time": "2025-05-23T17:51:27.376",
    "user": 1,
    "content_type": 10,
    "object_id": "8",
    "object_repr": "594542251@qq.com",
    "action_flag": 3,
    "change_message": ""
  }
},
{
  "model": "admin.logentry",
  "pk": 188,
  "fields": {
    "action_time": "2025-05-23T17:56:13.684",
    "user": 1,
    "content_type": 10,
    "object_id": "9",
    "object_repr": "594542251@qq.com",
    "action_flag": 3,
    "change_message": ""
  }
},
{
  "model": "admin.logentry",
  "pk": 189,
  "fields": {
    "action_time": "2025-05-23T17:58:56.275",
    "user": 1,
    "content_type": 10,
    "object_id": "10",
    "object_repr": "594542251@qq.com",
    "action_flag": 3,
    "change_message": ""
  }
},
{
  "model": "admin.logentry",
  "pk": 190,
  "fields": {
    "action_time": "2025-05-27T09:43:06.121",
    "user": 1,
    "content_type": 8,
    "object_id": "52",
    "object_repr": "vpn管理",
    "action_flag": 1,
    "change_message": "[{\"added\": {}}]"
  }
},
{
  "model": "admin.logentry",
  "pk": 191,
  "fields": {
    "action_time": "2025-05-27T09:46:37.520",
    "user": 1,
    "content_type": 8,
    "object_id": "52",
    "object_repr": "vpn管理",
    "action_flag": 2,
    "change_message": "[{\"changed\": {\"fields\": [\"\\u6392\\u5e8f\"]}}]"
  }
},
{
  "model": "admin.logentry",
  "pk": 192,
  "fields": {
    "action_time": "2025-05-27T09:46:48.892",
    "user": 1,
    "content_type": 8,
    "object_id": "53",
    "object_repr": "账号管理",
    "action_flag": 1,
    "change_message": "[{\"added\": {}}]"
  }
},
{
  "model": "admin.logentry",
  "pk": 193,
  "fields": {
    "action_time": "2025-05-27T09:48:38.156",
    "user": 1,
    "content_type": 8,
    "object_id": "54",
    "object_repr": "区域管理",
    "action_flag": 1,
    "change_message": "[{\"added\": {}}]"
  }
},
{
  "model": "admin.logentry",
  "pk": 194,
  "fields": {
    "action_time": "2025-05-27T09:49:19.676",
    "user": 1,
    "content_type": 8,
    "object_id": "55",
    "object_repr": "设备管理",
    "action_flag": 1,
    "change_message": "[{\"added\": {}}]"
  }
},
{
  "model": "admin.logentry",
  "pk": 195,
  "fields": {
    "action_time": "2025-05-27T15:12:10.785",
    "user": 1,
    "content_type": 8,
    "object_id": "52",
    "object_repr": "vpn管理",
    "action_flag": 2,
    "change_message": "[{\"changed\": {\"fields\": [\"\\u4e0a\\u7ea7\\u83dc\\u5355\"]}}]"
  }
},
{
  "model": "admin.logentry",
  "pk": 196,
  "fields": {
    "action_time": "2025-05-27T15:16:16.304",
    "user": 1,
    "content_type": 8,
    "object_id": "55",
    "object_repr": "设备管理",
    "action_flag": 2,
    "change_message": "[{\"changed\": {\"fields\": [\"\\u56fe\\u6807\"]}}]"
  }
},
{
  "model": "admin.logentry",
  "pk": 197,
  "fields": {
    "action_time": "2025-05-27T15:16:46.757",
    "user": 1,
    "content_type": 8,
    "object_id": "54",
    "object_repr": "区域管理",
    "action_flag": 2,
    "change_message": "[{\"changed\": {\"fields\": [\"\\u56fe\\u6807\"]}}]"
  }
},
{
  "model": "admin.logentry",
  "pk": 198,
  "fields": {
    "action_time": "2025-05-27T15:17:02.517",
    "user": 1,
    "content_type": 8,
    "object_id": "53",
    "object_repr": "账号管理",
    "action_flag": 2,
    "change_message": "[{\"changed\": {\"fields\": [\"\\u56fe\\u6807\"]}}]"
  }
},
{
  "model": "admin.logentry",
  "pk": 199,
  "fields": {
    "action_time": "2025-05-27T15:19:17.220",
    "user": 1,
    "content_type": 8,
    "object_id": "55",
    "object_repr": "设备管理",
    "action_flag": 2,
    "change_message": "[{\"changed\": {\"fields\": [\"\\u56fe\\u6807\"]}}]"
  }
},
{
  "model": "admin.logentry",
  "pk": 200,
  "fields": {
    "action_time": "2025-05-27T15:23:25.731",
    "user": 1,
    "content_type": 8,
    "object_id": "52",
    "object_repr": "vpn管理",
    "action_flag": 2,
    "change_message": "[{\"changed\": {\"fields\": [\"\\u4e0a\\u7ea7\\u83dc\\u5355\"]}}]"
  }
},
{
  "model": "admin.logentry",
  "pk": 201,
  "fields": {
    "action_time": "2025-05-27T15:27:48.316",
    "user": 1,
    "content_type": 8,
    "object_id": "52",
    "object_repr": "vpn管理",
    "action_flag": 2,
    "change_message": "[{\"changed\": {\"fields\": [\"\\u56fe\\u6807\"]}}]"
  }
},
{
  "model": "admin.logentry",
  "pk": 202,
  "fields": {
    "action_time": "2025-05-27T15:29:29.677",
    "user": 1,
    "content_type": 8,
    "object_id": "7",
    "object_repr": "菜单管理",
    "action_flag": 2,
    "change_message": "[{\"changed\": {\"fields\": [\"\\u56fe\\u6807\"]}}]"
  }
},
{
  "model": "admin.logentry",
  "pk": 203,
  "fields": {
    "action_time": "2025-05-27T15:29:37.286",
    "user": 1,
    "content_type": 8,
    "object_id": "52",
    "object_repr": "vpn管理",
    "action_flag": 2,
    "change_message": "[{\"changed\": {\"fields\": [\"\\u56fe\\u6807\"]}}]"
  }
},
{
  "model": "admin.logentry",
  "pk": 204,
  "fields": {
    "action_time": "2025-05-27T15:39:35.727",
    "user": 1,
    "content_type": 8,
    "object_id": "52",
    "object_repr": "vpn管理",
    "action_flag": 2,
    "change_message": "[{\"changed\": {\"fields\": [\"\\u6392\\u5e8f\"]}}]"
  }
},
{
  "model": "admin.logentry",
  "pk": 205,
  "fields": {
    "action_time": "2025-05-27T15:40:11.968",
    "user": 1,
    "content_type": 8,
    "object_id": "52",
    "object_repr": "vpn管理",
    "action_flag": 2,
    "change_message": "[{\"changed\": {\"fields\": [\"\\u6392\\u5e8f\"]}}]"
  }
},
{
  "model": "admin.logentry",
  "pk": 206,
  "fields": {
    "action_time": "2025-05-27T15:42:21.316",
    "user": 1,
    "content_type": 8,
    "object_id": "53",
    "object_repr": "账号管理",
    "action_flag": 2,
    "change_message": "[{\"changed\": {\"fields\": [\"\\u6392\\u5e8f\"]}}]"
  }
},
{
  "model": "admin.logentry",
  "pk": 207,
  "fields": {
    "action_time": "2025-05-27T15:42:26.613",
    "user": 1,
    "content_type": 8,
    "object_id": "54",
    "object_repr": "区域管理",
    "action_flag": 2,
    "change_message": "[{\"changed\": {\"fields\": [\"\\u6392\\u5e8f\"]}}]"
  }
},
{
  "model": "admin.logentry",
  "pk": 208,
  "fields": {
    "action_time": "2025-05-27T15:42:30.744",
    "user": 1,
    "content_type": 8,
    "object_id": "54",
    "object_repr": "区域管理",
    "action_flag": 2,
    "change_message": "[{\"changed\": {\"fields\": [\"\\u6392\\u5e8f\"]}}]"
  }
},
{
  "model": "admin.logentry",
  "pk": 209,
  "fields": {
    "action_time": "2025-05-27T15:44:11.436",
    "user": 1,
    "content_type": 8,
    "object_id": "52",
    "object_repr": "vpn管理",
    "action_flag": 2,
    "change_message": "[{\"changed\": {\"fields\": [\"\\u4e0a\\u7ea7\\u83dc\\u5355\"]}}]"
  }
},
{
  "model": "admin.logentry",
  "pk": 210,
  "fields": {
    "action_time": "2025-05-27T15:45:13.067",
    "user": 1,
    "content_type": 8,
    "object_id": "52",
    "object_repr": "vpn管理",
    "action_flag": 2,
    "change_message": "[{\"changed\": {\"fields\": [\"\\u4e0a\\u7ea7\\u83dc\\u5355\"]}}]"
  }
},
{
  "model": "admin.logentry",
  "pk": 211,
  "fields": {
    "action_time": "2025-05-27T15:48:57.581",
    "user": 1,
    "content_type": 8,
    "object_id": "42",
    "object_repr": "文件管理",
    "action_flag": 2,
    "change_message": "[{\"changed\": {\"fields\": [\"\\u4e0a\\u7ea7\\u83dc\\u5355\"]}}]"
  }
},
{
  "model": "admin.logentry",
  "pk": 212,
  "fields": {
    "action_time": "2025-05-27T15:51:23.196",
    "user": 1,
    "content_type": 8,
    "object_id": "52",
    "object_repr": "vpn管理",
    "action_flag": 2,
    "change_message": "[{\"changed\": {\"fields\": [\"\\u4e0a\\u7ea7\\u83dc\\u5355\"]}}]"
  }
},
{
  "model": "admin.logentry",
  "pk": 213,
  "fields": {
    "action_time": "2025-05-27T15:51:33.060",
    "user": 1,
    "content_type": 8,
    "object_id": "42",
    "object_repr": "文件管理",
    "action_flag": 2,
    "change_message": "[{\"changed\": {\"fields\": [\"\\u4e0a\\u7ea7\\u83dc\\u5355\"]}}]"
  }
},
{
  "model": "admin.logentry",
  "pk": 214,
  "fields": {
    "action_time": "2025-05-27T15:55:29.994",
    "user": 1,
    "content_type": 8,
    "object_id": "15",
    "object_repr": "实例",
    "action_flag": 2,
    "change_message": "[{\"changed\": {\"fields\": [\"\\u72b6\\u6001\"]}}]"
  }
},
{
  "model": "admin.logentry",
  "pk": 215,
  "fields": {
    "action_time": "2025-05-27T15:55:34.789",
    "user": 1,
    "content_type": 8,
    "object_id": "12",
    "object_repr": "随便聊聊",
    "action_flag": 2,
    "change_message": "[{\"changed\": {\"fields\": [\"\\u72b6\\u6001\"]}}]"
  }
},
{
  "model": "admin.logentry",
  "pk": 216,
  "fields": {
    "action_time": "2025-05-27T15:55:40.952",
    "user": 1,
    "content_type": 8,
    "object_id": "9",
    "object_repr": "商品中心",
    "action_flag": 2,
    "change_message": "[{\"changed\": {\"fields\": [\"\\u72b6\\u6001\"]}}]"
  }
},
{
  "model": "admin.logentry",
  "pk": 217,
  "fields": {
    "action_time": "2025-05-27T15:57:25.026",
    "user": 1,
    "content_type": 8,
    "object_id": "54",
    "object_repr": "区域管理",
    "action_flag": 2,
    "change_message": "[{\"changed\": {\"fields\": [\"\\u56fe\\u6807\"]}}]"
  }
},
{
  "model": "admin.logentry",
  "pk": 218,
  "fields": {
    "action_time": "2025-05-27T15:58:01.494",
    "user": 1,
    "content_type": 8,
    "object_id": "54",
    "object_repr": "区域管理",
    "action_flag": 2,
    "change_message": "[{\"changed\": {\"fields\": [\"\\u56fe\\u6807\"]}}]"
  }
},
{
  "model": "admin.logentry",
  "pk": 219,
  "fields": {
    "action_time": "2025-05-27T16:01:03.393",
    "user": 1,
    "content_type": 17,
    "object_id": "1",
    "object_repr": "2",
    "action_flag": 1,
    "change_message": "[{\"added\": {}}]"
  }
},
{
  "model": "admin.logentry",
  "pk": 220,
  "fields": {
    "action_time": "2025-05-27T17:46:03.186",
    "user": 1,
    "content_type": 8,
    "object_id": "56",
    "object_repr": "创建设备",
    "action_flag": 1,
    "change_message": "[{\"added\": {}}]"
  }
},
{
  "model": "admin.logentry",
  "pk": 221,
  "fields": {
    "action_time": "2025-05-27T17:47:16.560",
    "user": 1,
    "content_type": 8,
    "object_id": "57",
    "object_repr": "查询设备",
    "action_flag": 1,
    "change_message": "[{\"added\": {}}]"
  }
},
{
  "model": "admin.logentry",
  "pk": 222,
  "fields": {
    "action_time": "2025-05-27T17:47:32.251",
    "user": 1,
    "content_type": 8,
    "object_id": "57",
    "object_repr": "查询设备",
    "action_flag": 2,
    "change_message": "[{\"changed\": {\"fields\": [\"\\u83dc\\u5355\\u7c7b\\u578b\", \"\\u4e0a\\u7ea7\\u83dc\\u5355\"]}}]"
  }
},
{
  "model": "admin.logentry",
  "pk": 223,
  "fields": {
    "action_time": "2025-05-27T17:48:38.452",
    "user": 1,
    "content_type": 8,
    "object_id": "58",
    "object_repr": "修改设备",
    "action_flag": 1,
    "change_message": "[{\"added\": {}}]"
  }
},
{
  "model": "admin.logentry",
  "pk": 224,
  "fields": {
    "action_time": "2025-05-27T17:49:16.362",
    "user": 1,
    "content_type": 8,
    "object_id": "59",
    "object_repr": "删除设备",
    "action_flag": 1,
    "change_message": "[{\"added\": {}}]"
  }
},
{
  "model": "admin.logentry",
  "pk": 225,
  "fields": {
    "action_time": "2025-05-27T18:06:44.299",
    "user": 1,
    "content_type": 17,
    "object_id": "2",
    "object_repr": "2",
    "action_flag": 1,
    "change_message": "[{\"added\": {}}]"
  }
},
{
  "model": "admin.logentry",
  "pk": 226,
  "fields": {
    "action_time": "2025-05-28T10:20:51.843",
    "user": 1,
    "content_type": 18,
    "object_id": "1",
    "object_repr": "日本",
    "action_flag": 1,
    "change_message": "[{\"added\": {}}]"
  }
},
{
  "model": "admin.logentry",
  "pk": 227,
  "fields": {
    "action_time": "2025-05-28T14:46:44.389",
    "user": 1,
    "content_type": 8,
    "object_id": "26",
    "object_repr": "修改用户",
    "action_flag": 2,
    "change_message": "[{\"changed\": {\"fields\": [\"\\u72b6\\u6001\"]}}]"
  }
},
{
  "model": "admin.logentry",
  "pk": 228,
  "fields": {
    "action_time": "2025-05-28T15:48:08.226",
    "user": 1,
    "content_type": 8,
    "object_id": "26",
    "object_repr": "修改用户",
    "action_flag": 2,
    "change_message": "[{\"changed\": {\"fields\": [\"\\u72b6\\u6001\"]}}]"
  }
},
{
  "model": "admin.logentry",
  "pk": 229,
  "fields": {
    "action_time": "2025-05-29T11:18:16.661",
    "user": 1,
    "content_type": 16,
    "object_id": "2",
    "object_repr": "gest00001",
    "action_flag": 2,
    "change_message": "[{\"changed\": {\"fields\": [\"\\u7528\\u6237\"]}}]"
  }
},
{
  "model": "admin.logentry",
  "pk": 230,
  "fields": {
    "action_time": "2025-05-30T08:47:54.575",
    "user": 1,
    "content_type": 7,
    "object_id": "2",
    "object_repr": "管理员",
    "action_flag": 2,
    "change_message": "[{\"changed\": {\"fields\": [\"\\u89d2\\u8272\\u540d\\u79f0\"]}}]"
  }
},
{
  "model": "admin.logentry",
  "pk": 231,
  "fields": {
    "action_time": "2025-05-30T11:03:53.298",
    "user": 1,
    "content_type": 8,
    "object_id": "68",
    "object_repr": "复制账号",
    "action_flag": 2,
    "change_message": "[{\"changed\": {\"fields\": [\"\\u72b6\\u6001\"]}}]"
  }
},
{
  "model": "admin.logentry",
  "pk": 232,
  "fields": {
    "action_time": "2025-05-30T14:13:59.540",
    "user": 1,
    "content_type": 16,
    "object_id": "21",
    "object_repr": "gest0001",
    "action_flag": 3,
    "change_message": ""
  }
},
{
  "model": "admin.logentry",
  "pk": 233,
  "fields": {
    "action_time": "2025-05-30T14:21:43.106",
    "user": 1,
    "content_type": 16,
    "object_id": "19",
    "object_repr": "gest0002",
    "action_flag": 3,
    "change_message": ""
  }
},
{
  "model": "admin.logentry",
  "pk": 234,
  "fields": {
    "action_time": "2025-05-30T14:21:43.182",
    "user": 1,
    "content_type": 16,
    "object_id": "18",
    "object_repr": "gest0001",
    "action_flag": 3,
    "change_message": ""
  }
},
{
  "model": "admin.logentry",
  "pk": 235,
  "fields": {
    "action_time": "2025-06-02T09:51:12.887",
    "user": 1,
    "content_type": 19,
    "object_id": "3",
    "object_repr": "DyvpnMonitor object (3)",
    "action_flag": 3,
    "change_message": ""
  }
},
{
  "model": "admin.logentry",
  "pk": 236,
  "fields": {
    "action_time": "2025-06-02T09:51:13.033",
    "user": 1,
    "content_type": 19,
    "object_id": "2",
    "object_repr": "DyvpnMonitor object (2)",
    "action_flag": 3,
    "change_message": ""
  }
},
{
  "model": "admin.logentry",
  "pk": 237,
  "fields": {
    "action_time": "2025-06-02T09:51:13.113",
    "user": 1,
    "content_type": 19,
    "object_id": "1",
    "object_repr": "DyvpnMonitor object (1)",
    "action_flag": 3,
    "change_message": ""
  }
},
{
  "model": "admin.logentry",
  "pk": 238,
  "fields": {
    "action_time": "2025-06-02T10:05:47.473",
    "user": 1,
    "content_type": 19,
    "object_id": "4",
    "object_repr": "DyvpnMonitor object (4)",
    "action_flag": 3,
    "change_message": ""
  }
},
{
  "model": "admin.logentry",
  "pk": 239,
  "fields": {
    "action_time": "2025-06-02T17:43:29.973",
    "user": 1,
    "content_type": 16,
    "object_id": "23",
    "object_repr": "gest0003",
    "action_flag": 3,
    "change_message": ""
  }
},
{
  "model": "admin.logentry",
  "pk": 240,
  "fields": {
    "action_time": "2025-06-03T08:40:49.494",
    "user": 1,
    "content_type": 21,
    "object_id": "1",
    "object_repr": "每 5 秒",
    "action_flag": 1,
    "change_message": "[{\"added\": {}}]"
  }
},
{
  "model": "admin.logentry",
  "pk": 241,
  "fields": {
    "action_time": "2025-06-03T08:42:02.629",
    "user": 1,
    "content_type": 22,
    "object_id": "1",
    "object_repr": "vpn日志: 每 5 秒",
    "action_flag": 1,
    "change_message": "[{\"added\": {}}]"
  }
},
{
  "model": "admin.logentry",
  "pk": 242,
  "fields": {
    "action_time": "2025-06-03T08:43:09.968",
    "user": 1,
    "content_type": 22,
    "object_id": "1",
    "object_repr": "vpn日志: 每 5 秒",
    "action_flag": 2,
    "change_message": "[{\"changed\": {\"fields\": [\"Task (registered)\"]}}]"
  }
},
{
  "model": "auth.permission",
  "pk": 1,
  "fields": {
    "name": "Can add log entry",
    "content_type": 1,
    "codename": "add_logentry"
  }
},
{
  "model": "auth.permission",
  "pk": 2,
  "fields": {
    "name": "Can change log entry",
    "content_type": 1,
    "codename": "change_logentry"
  }
},
{
  "model": "auth.permission",
  "pk": 3,
  "fields": {
    "name": "Can delete log entry",
    "content_type": 1,
    "codename": "delete_logentry"
  }
},
{
  "model": "auth.permission",
  "pk": 4,
  "fields": {
    "name": "Can view log entry",
    "content_type": 1,
    "codename": "view_logentry"
  }
},
{
  "model": "auth.permission",
  "pk": 5,
  "fields": {
    "name": "Can add permission",
    "content_type": 2,
    "codename": "add_permission"
  }
},
{
  "model": "auth.permission",
  "pk": 6,
  "fields": {
    "name": "Can change permission",
    "content_type": 2,
    "codename": "change_permission"
  }
},
{
  "model": "auth.permission",
  "pk": 7,
  "fields": {
    "name": "Can delete permission",
    "content_type": 2,
    "codename": "delete_permission"
  }
},
{
  "model": "auth.permission",
  "pk": 8,
  "fields": {
    "name": "Can view permission",
    "content_type": 2,
    "codename": "view_permission"
  }
},
{
  "model": "auth.permission",
  "pk": 9,
  "fields": {
    "name": "Can add group",
    "content_type": 3,
    "codename": "add_group"
  }
},
{
  "model": "auth.permission",
  "pk": 10,
  "fields": {
    "name": "Can change group",
    "content_type": 3,
    "codename": "change_group"
  }
},
{
  "model": "auth.permission",
  "pk": 11,
  "fields": {
    "name": "Can delete group",
    "content_type": 3,
    "codename": "delete_group"
  }
},
{
  "model": "auth.permission",
  "pk": 12,
  "fields": {
    "name": "Can view group",
    "content_type": 3,
    "codename": "view_group"
  }
},
{
  "model": "auth.permission",
  "pk": 13,
  "fields": {
    "name": "Can add content type",
    "content_type": 4,
    "codename": "add_contenttype"
  }
},
{
  "model": "auth.permission",
  "pk": 14,
  "fields": {
    "name": "Can change content type",
    "content_type": 4,
    "codename": "change_contenttype"
  }
},
{
  "model": "auth.permission",
  "pk": 15,
  "fields": {
    "name": "Can delete content type",
    "content_type": 4,
    "codename": "delete_contenttype"
  }
},
{
  "model": "auth.permission",
  "pk": 16,
  "fields": {
    "name": "Can view content type",
    "content_type": 4,
    "codename": "view_contenttype"
  }
},
{
  "model": "auth.permission",
  "pk": 17,
  "fields": {
    "name": "Can add session",
    "content_type": 5,
    "codename": "add_session"
  }
},
{
  "model": "auth.permission",
  "pk": 18,
  "fields": {
    "name": "Can change session",
    "content_type": 5,
    "codename": "change_session"
  }
},
{
  "model": "auth.permission",
  "pk": 19,
  "fields": {
    "name": "Can delete session",
    "content_type": 5,
    "codename": "delete_session"
  }
},
{
  "model": "auth.permission",
  "pk": 20,
  "fields": {
    "name": "Can view session",
    "content_type": 5,
    "codename": "view_session"
  }
},
{
  "model": "auth.permission",
  "pk": 21,
  "fields": {
    "name": "Can add 商品",
    "content_type": 6,
    "codename": "add_product"
  }
},
{
  "model": "auth.permission",
  "pk": 22,
  "fields": {
    "name": "Can change 商品",
    "content_type": 6,
    "codename": "change_product"
  }
},
{
  "model": "auth.permission",
  "pk": 23,
  "fields": {
    "name": "Can delete 商品",
    "content_type": 6,
    "codename": "delete_product"
  }
},
{
  "model": "auth.permission",
  "pk": 24,
  "fields": {
    "name": "Can view 商品",
    "content_type": 6,
    "codename": "view_product"
  }
},
{
  "model": "auth.permission",
  "pk": 25,
  "fields": {
    "name": "Can add 角色",
    "content_type": 7,
    "codename": "add_role"
  }
},
{
  "model": "auth.permission",
  "pk": 26,
  "fields": {
    "name": "Can change 角色",
    "content_type": 7,
    "codename": "change_role"
  }
},
{
  "model": "auth.permission",
  "pk": 27,
  "fields": {
    "name": "Can delete 角色",
    "content_type": 7,
    "codename": "delete_role"
  }
},
{
  "model": "auth.permission",
  "pk": 28,
  "fields": {
    "name": "Can view 角色",
    "content_type": 7,
    "codename": "view_role"
  }
},
{
  "model": "auth.permission",
  "pk": 29,
  "fields": {
    "name": "Can add 菜单",
    "content_type": 8,
    "codename": "add_menu"
  }
},
{
  "model": "auth.permission",
  "pk": 30,
  "fields": {
    "name": "Can change 菜单",
    "content_type": 8,
    "codename": "change_menu"
  }
},
{
  "model": "auth.permission",
  "pk": 31,
  "fields": {
    "name": "Can delete 菜单",
    "content_type": 8,
    "codename": "delete_menu"
  }
},
{
  "model": "auth.permission",
  "pk": 32,
  "fields": {
    "name": "Can view 菜单",
    "content_type": 8,
    "codename": "view_menu"
  }
},
{
  "model": "auth.permission",
  "pk": 33,
  "fields": {
    "name": "Can add 部门",
    "content_type": 9,
    "codename": "add_department"
  }
},
{
  "model": "auth.permission",
  "pk": 34,
  "fields": {
    "name": "Can change 部门",
    "content_type": 9,
    "codename": "change_department"
  }
},
{
  "model": "auth.permission",
  "pk": 35,
  "fields": {
    "name": "Can delete 部门",
    "content_type": 9,
    "codename": "delete_department"
  }
},
{
  "model": "auth.permission",
  "pk": 36,
  "fields": {
    "name": "Can view 部门",
    "content_type": 9,
    "codename": "view_department"
  }
},
{
  "model": "auth.permission",
  "pk": 37,
  "fields": {
    "name": "Can add 用户",
    "content_type": 10,
    "codename": "add_user"
  }
},
{
  "model": "auth.permission",
  "pk": 38,
  "fields": {
    "name": "Can change 用户",
    "content_type": 10,
    "codename": "change_user"
  }
},
{
  "model": "auth.permission",
  "pk": 39,
  "fields": {
    "name": "Can delete 用户",
    "content_type": 10,
    "codename": "delete_user"
  }
},
{
  "model": "auth.permission",
  "pk": 40,
  "fields": {
    "name": "Can view 用户",
    "content_type": 10,
    "codename": "view_user"
  }
},
{
  "model": "auth.permission",
  "pk": 41,
  "fields": {
    "name": "可以分配角色",
    "content_type": 10,
    "codename": "assign_role"
  }
},
{
  "model": "auth.permission",
  "pk": 42,
  "fields": {
    "name": "可以分配部门",
    "content_type": 10,
    "codename": "assign_department"
  }
},
{
  "model": "auth.permission",
  "pk": 43,
  "fields": {
    "name": "Can add 文件资料",
    "content_type": 11,
    "codename": "add_uploadedfile"
  }
},
{
  "model": "auth.permission",
  "pk": 44,
  "fields": {
    "name": "Can change 文件资料",
    "content_type": 11,
    "codename": "change_uploadedfile"
  }
},
{
  "model": "auth.permission",
  "pk": 45,
  "fields": {
    "name": "Can delete 文件资料",
    "content_type": 11,
    "codename": "delete_uploadedfile"
  }
},
{
  "model": "auth.permission",
  "pk": 46,
  "fields": {
    "name": "Can view 文件资料",
    "content_type": 11,
    "codename": "view_uploadedfile"
  }
},
{
  "model": "auth.permission",
  "pk": 47,
  "fields": {
    "name": "Can add 用户文件访问权限",
    "content_type": 12,
    "codename": "add_userfileaccess"
  }
},
{
  "model": "auth.permission",
  "pk": 48,
  "fields": {
    "name": "Can change 用户文件访问权限",
    "content_type": 12,
    "codename": "change_userfileaccess"
  }
},
{
  "model": "auth.permission",
  "pk": 49,
  "fields": {
    "name": "Can delete 用户文件访问权限",
    "content_type": 12,
    "codename": "delete_userfileaccess"
  }
},
{
  "model": "auth.permission",
  "pk": 50,
  "fields": {
    "name": "Can view 用户文件访问权限",
    "content_type": 12,
    "codename": "view_userfileaccess"
  }
},
{
  "model": "auth.permission",
  "pk": 51,
  "fields": {
    "name": "Can add profile",
    "content_type": 13,
    "codename": "add_profile"
  }
},
{
  "model": "auth.permission",
  "pk": 52,
  "fields": {
    "name": "Can change profile",
    "content_type": 13,
    "codename": "change_profile"
  }
},
{
  "model": "auth.permission",
  "pk": 53,
  "fields": {
    "name": "Can delete profile",
    "content_type": 13,
    "codename": "delete_profile"
  }
},
{
  "model": "auth.permission",
  "pk": 54,
  "fields": {
    "name": "Can view profile",
    "content_type": 13,
    "codename": "view_profile"
  }
},
{
  "model": "auth.permission",
  "pk": 55,
  "fields": {
    "name": "Can add captcha store",
    "content_type": 14,
    "codename": "add_captchastore"
  }
},
{
  "model": "auth.permission",
  "pk": 56,
  "fields": {
    "name": "Can change captcha store",
    "content_type": 14,
    "codename": "change_captchastore"
  }
},
{
  "model": "auth.permission",
  "pk": 57,
  "fields": {
    "name": "Can delete captcha store",
    "content_type": 14,
    "codename": "delete_captchastore"
  }
},
{
  "model": "auth.permission",
  "pk": 58,
  "fields": {
    "name": "Can view captcha store",
    "content_type": 14,
    "codename": "view_captchastore"
  }
},
{
  "model": "auth.permission",
  "pk": 59,
  "fields": {
    "name": "Can add 邮箱验证码",
    "content_type": 15,
    "codename": "add_emailcode"
  }
},
{
  "model": "auth.permission",
  "pk": 60,
  "fields": {
    "name": "Can change 邮箱验证码",
    "content_type": 15,
    "codename": "change_emailcode"
  }
},
{
  "model": "auth.permission",
  "pk": 61,
  "fields": {
    "name": "Can delete 邮箱验证码",
    "content_type": 15,
    "codename": "delete_emailcode"
  }
},
{
  "model": "auth.permission",
  "pk": 62,
  "fields": {
    "name": "Can view 邮箱验证码",
    "content_type": 15,
    "codename": "view_emailcode"
  }
},
{
  "model": "auth.permission",
  "pk": 63,
  "fields": {
    "name": "Can add sslvpn 账号表",
    "content_type": 16,
    "codename": "add_dyvpnaccount"
  }
},
{
  "model": "auth.permission",
  "pk": 64,
  "fields": {
    "name": "Can change sslvpn 账号表",
    "content_type": 16,
    "codename": "change_dyvpnaccount"
  }
},
{
  "model": "auth.permission",
  "pk": 65,
  "fields": {
    "name": "Can delete sslvpn 账号表",
    "content_type": 16,
    "codename": "delete_dyvpnaccount"
  }
},
{
  "model": "auth.permission",
  "pk": 66,
  "fields": {
    "name": "Can view sslvpn 账号表",
    "content_type": 16,
    "codename": "view_dyvpnaccount"
  }
},
{
  "model": "auth.permission",
  "pk": 67,
  "fields": {
    "name": "Can add sslvpn路由设备",
    "content_type": 17,
    "codename": "add_dyvpndevicemodel"
  }
},
{
  "model": "auth.permission",
  "pk": 68,
  "fields": {
    "name": "Can change sslvpn路由设备",
    "content_type": 17,
    "codename": "change_dyvpndevicemodel"
  }
},
{
  "model": "auth.permission",
  "pk": 69,
  "fields": {
    "name": "Can delete sslvpn路由设备",
    "content_type": 17,
    "codename": "delete_dyvpndevicemodel"
  }
},
{
  "model": "auth.permission",
  "pk": 70,
  "fields": {
    "name": "Can view sslvpn路由设备",
    "content_type": 17,
    "codename": "view_dyvpndevicemodel"
  }
},
{
  "model": "auth.permission",
  "pk": 71,
  "fields": {
    "name": "Can add sslvpn区域",
    "content_type": 18,
    "codename": "add_dyvpnregionmodel"
  }
},
{
  "model": "auth.permission",
  "pk": 72,
  "fields": {
    "name": "Can change sslvpn区域",
    "content_type": 18,
    "codename": "change_dyvpnregionmodel"
  }
},
{
  "model": "auth.permission",
  "pk": 73,
  "fields": {
    "name": "Can delete sslvpn区域",
    "content_type": 18,
    "codename": "delete_dyvpnregionmodel"
  }
},
{
  "model": "auth.permission",
  "pk": 74,
  "fields": {
    "name": "Can view sslvpn区域",
    "content_type": 18,
    "codename": "view_dyvpnregionmodel"
  }
},
{
  "model": "auth.permission",
  "pk": 75,
  "fields": {
    "name": "Can add dyvpn monitor",
    "content_type": 19,
    "codename": "add_dyvpnmonitor"
  }
},
{
  "model": "auth.permission",
  "pk": 76,
  "fields": {
    "name": "Can change dyvpn monitor",
    "content_type": 19,
    "codename": "change_dyvpnmonitor"
  }
},
{
  "model": "auth.permission",
  "pk": 77,
  "fields": {
    "name": "Can delete dyvpn monitor",
    "content_type": 19,
    "codename": "delete_dyvpnmonitor"
  }
},
{
  "model": "auth.permission",
  "pk": 78,
  "fields": {
    "name": "Can view dyvpn monitor",
    "content_type": 19,
    "codename": "view_dyvpnmonitor"
  }
},
{
  "model": "auth.permission",
  "pk": 79,
  "fields": {
    "name": "Can add crontab",
    "content_type": 20,
    "codename": "add_crontabschedule"
  }
},
{
  "model": "auth.permission",
  "pk": 80,
  "fields": {
    "name": "Can change crontab",
    "content_type": 20,
    "codename": "change_crontabschedule"
  }
},
{
  "model": "auth.permission",
  "pk": 81,
  "fields": {
    "name": "Can delete crontab",
    "content_type": 20,
    "codename": "delete_crontabschedule"
  }
},
{
  "model": "auth.permission",
  "pk": 82,
  "fields": {
    "name": "Can view crontab",
    "content_type": 20,
    "codename": "view_crontabschedule"
  }
},
{
  "model": "auth.permission",
  "pk": 83,
  "fields": {
    "name": "Can add interval",
    "content_type": 21,
    "codename": "add_intervalschedule"
  }
},
{
  "model": "auth.permission",
  "pk": 84,
  "fields": {
    "name": "Can change interval",
    "content_type": 21,
    "codename": "change_intervalschedule"
  }
},
{
  "model": "auth.permission",
  "pk": 85,
  "fields": {
    "name": "Can delete interval",
    "content_type": 21,
    "codename": "delete_intervalschedule"
  }
},
{
  "model": "auth.permission",
  "pk": 86,
  "fields": {
    "name": "Can view interval",
    "content_type": 21,
    "codename": "view_intervalschedule"
  }
},
{
  "model": "auth.permission",
  "pk": 87,
  "fields": {
    "name": "Can add periodic task",
    "content_type": 22,
    "codename": "add_periodictask"
  }
},
{
  "model": "auth.permission",
  "pk": 88,
  "fields": {
    "name": "Can change periodic task",
    "content_type": 22,
    "codename": "change_periodictask"
  }
},
{
  "model": "auth.permission",
  "pk": 89,
  "fields": {
    "name": "Can delete periodic task",
    "content_type": 22,
    "codename": "delete_periodictask"
  }
},
{
  "model": "auth.permission",
  "pk": 90,
  "fields": {
    "name": "Can view periodic task",
    "content_type": 22,
    "codename": "view_periodictask"
  }
},
{
  "model": "auth.permission",
  "pk": 91,
  "fields": {
    "name": "Can add periodic task track",
    "content_type": 23,
    "codename": "add_periodictasks"
  }
},
{
  "model": "auth.permission",
  "pk": 92,
  "fields": {
    "name": "Can change periodic task track",
    "content_type": 23,
    "codename": "change_periodictasks"
  }
},
{
  "model": "auth.permission",
  "pk": 93,
  "fields": {
    "name": "Can delete periodic task track",
    "content_type": 23,
    "codename": "delete_periodictasks"
  }
},
{
  "model": "auth.permission",
  "pk": 94,
  "fields": {
    "name": "Can view periodic task track",
    "content_type": 23,
    "codename": "view_periodictasks"
  }
},
{
  "model": "auth.permission",
  "pk": 95,
  "fields": {
    "name": "Can add solar event",
    "content_type": 24,
    "codename": "add_solarschedule"
  }
},
{
  "model": "auth.permission",
  "pk": 96,
  "fields": {
    "name": "Can change solar event",
    "content_type": 24,
    "codename": "change_solarschedule"
  }
},
{
  "model": "auth.permission",
  "pk": 97,
  "fields": {
    "name": "Can delete solar event",
    "content_type": 24,
    "codename": "delete_solarschedule"
  }
},
{
  "model": "auth.permission",
  "pk": 98,
  "fields": {
    "name": "Can view solar event",
    "content_type": 24,
    "codename": "view_solarschedule"
  }
},
{
  "model": "auth.permission",
  "pk": 99,
  "fields": {
    "name": "Can add clocked",
    "content_type": 25,
    "codename": "add_clockedschedule"
  }
},
{
  "model": "auth.permission",
  "pk": 100,
  "fields": {
    "name": "Can change clocked",
    "content_type": 25,
    "codename": "change_clockedschedule"
  }
},
{
  "model": "auth.permission",
  "pk": 101,
  "fields": {
    "name": "Can delete clocked",
    "content_type": 25,
    "codename": "delete_clockedschedule"
  }
},
{
  "model": "auth.permission",
  "pk": 102,
  "fields": {
    "name": "Can view clocked",
    "content_type": 25,
    "codename": "view_clockedschedule"
  }
},
{
  "model": "contenttypes.contenttype",
  "pk": 1,
  "fields": {
    "app_label": "admin",
    "model": "logentry"
  }
},
{
  "model": "contenttypes.contenttype",
  "pk": 2,
  "fields": {
    "app_label": "auth",
    "model": "permission"
  }
},
{
  "model": "contenttypes.contenttype",
  "pk": 3,
  "fields": {
    "app_label": "auth",
    "model": "group"
  }
},
{
  "model": "contenttypes.contenttype",
  "pk": 4,
  "fields": {
    "app_label": "contenttypes",
    "model": "contenttype"
  }
},
{
  "model": "contenttypes.contenttype",
  "pk": 5,
  "fields": {
    "app_label": "sessions",
    "model": "session"
  }
},
{
  "model": "contenttypes.contenttype",
  "pk": 6,
  "fields": {
    "app_label": "user",
    "model": "product"
  }
},
{
  "model": "contenttypes.contenttype",
  "pk": 7,
  "fields": {
    "app_label": "user",
    "model": "role"
  }
},
{
  "model": "contenttypes.contenttype",
  "pk": 8,
  "fields": {
    "app_label": "user",
    "model": "menu"
  }
},
{
  "model": "contenttypes.contenttype",
  "pk": 9,
  "fields": {
    "app_label": "user",
    "model": "department"
  }
},
{
  "model": "contenttypes.contenttype",
  "pk": 10,
  "fields": {
    "app_label": "user",
    "model": "user"
  }
},
{
  "model": "contenttypes.contenttype",
  "pk": 11,
  "fields": {
    "app_label": "file",
    "model": "uploadedfile"
  }
},
{
  "model": "contenttypes.contenttype",
  "pk": 12,
  "fields": {
    "app_label": "file",
    "model": "userfileaccess"
  }
},
{
  "model": "contenttypes.contenttype",
  "pk": 13,
  "fields": {
    "app_label": "user",
    "model": "profile"
  }
},
{
  "model": "contenttypes.contenttype",
  "pk": 14,
  "fields": {
    "app_label": "captcha",
    "model": "captchastore"
  }
},
{
  "model": "contenttypes.contenttype",
  "pk": 15,
  "fields": {
    "app_label": "user",
    "model": "emailcode"
  }
},
{
  "model": "contenttypes.contenttype",
  "pk": 16,
  "fields": {
    "app_label": "vpn",
    "model": "dyvpnaccount"
  }
},
{
  "model": "contenttypes.contenttype",
  "pk": 17,
  "fields": {
    "app_label": "vpn",
    "model": "dyvpndevicemodel"
  }
},
{
  "model": "contenttypes.contenttype",
  "pk": 18,
  "fields": {
    "app_label": "vpn",
    "model": "dyvpnregionmodel"
  }
},
{
  "model": "contenttypes.contenttype",
  "pk": 19,
  "fields": {
    "app_label": "vpn",
    "model": "dyvpnmonitor"
  }
},
{
  "model": "contenttypes.contenttype",
  "pk": 20,
  "fields": {
    "app_label": "django_celery_beat",
    "model": "crontabschedule"
  }
},
{
  "model": "contenttypes.contenttype",
  "pk": 21,
  "fields": {
    "app_label": "django_celery_beat",
    "model": "intervalschedule"
  }
},
{
  "model": "contenttypes.contenttype",
  "pk": 22,
  "fields": {
    "app_label": "django_celery_beat",
    "model": "periodictask"
  }
},
{
  "model": "contenttypes.contenttype",
  "pk": 23,
  "fields": {
    "app_label": "django_celery_beat",
    "model": "periodictasks"
  }
},
{
  "model": "contenttypes.contenttype",
  "pk": 24,
  "fields": {
    "app_label": "django_celery_beat",
    "model": "solarschedule"
  }
},
{
  "model": "contenttypes.contenttype",
  "pk": 25,
  "fields": {
    "app_label": "django_celery_beat",
    "model": "clockedschedule"
  }
},
{
  "model": "sessions.session",
  "pk": "201agcvb3005iaz55idpz2209bi6wirs",
  "fields": {
    "session_data": "e30:1uCAhD:kac0tsi0F_oQCH9V3gQKh8-7lJA7xFiz5vxG742HG8Y",
    "expire_date": "2025-05-20T13:18:23.552"
  }
},
{
  "model": "sessions.session",
  "pk": "4leg142qi03hvrbih3d7xexcn3j1v2tt",
  "fields": {
    "session_data": "e30:1uCAqO:sK3QNbvb4C3wyF8ASExK2SN-s8OLRXkJYqBftbgyzRI",
    "expire_date": "2025-05-20T13:27:52.802"
  }
},
{
  "model": "sessions.session",
  "pk": "ct7ple6nci1rcy5kfwpuqzsk6zgxoihn",
  "fields": {
    "session_data": "e30:1uCAvN:rJzVsjAsHqK-9nhsqFa74rto98GJpj8VM86NfaMpeAk",
    "expire_date": "2025-05-20T13:33:01.141"
  }
},
{
  "model": "sessions.session",
  "pk": "flo8qyypukc8wlaj3c191nhi40o7v1bw",
  "fields": {
    "session_data": ".eJxVjMsOwiAURP-FtSEgb5fu_QZy4V6kaiAp7cr477ZJF7qaZM6ZebMI61LjOmiOE7ILk-z02yXIT2o7wAe0e-e5t2WeEt8VftDBbx3pdT3cv4MKo25rCs6IYjR4H4hC8NJKs6UpzmqCopLyAkRRmMEjunImzCqoZJRBtJp9vt-VOC0:1u5M4p:sYd8jlhGsGnnWWVbtquU5GsCMrMINhMsiBcQSg2aMhc",
    "expire_date": "2025-05-01T18:02:35.528"
  }
},
{
  "model": "sessions.session",
  "pk": "kw98bfjmoj5o5snwjzyz0s9qykzjtzp4",
  "fields": {
    "session_data": "e30:1uCAhO:0ff4CO6xXcHOYoXcz1lNyuxdP0TFgbckoHpGEt2BSq4",
    "expire_date": "2025-05-20T13:18:34.230"
  }
},
{
  "model": "sessions.session",
  "pk": "ujaa1qmwbv141nkvowkbg2doy9raua57",
  "fields": {
    "session_data": ".eJxVjEEOgjAQRe_StWmYFmrHpXvO0AwzU4saSCisjHdXEha6_e-9_zKJtrWkreqSRjEXA-b0uw3ED512IHeabrPleVqXcbC7Yg9abT-LPq-H-3dQqJZvjb5Ddh1pDI3PmlXINRz5nDkggrAiMEkLDQOIuowuQIhIwXvfDtG8P_f9OAw:1uCYHI:Pn6rDjE0DT87yfknAKDhnNjSXL-1E1A1V2AYmolvlIM",
    "expire_date": "2025-05-21T14:29:12.476"
  }
},
{
  "model": "sessions.session",
  "pk": "x1f3972g4f3yj2xau2et287xaf0auz8j",
  "fields": {
    "session_data": ".eJxVjEEOwiAURO_C2hCgQMGl-56B_PI_UjWQlHZlvLsl6UJXk5n3Mm8WYN9y2ButYUF2ZZJdfrcZ4pNKB_iAcq881rKty8y7wk_a-FSRXrfT_TvI0HK_1V4qct6nJJOOzlrUBkF4cB4MEFkUNGDUajxCJUdAzthBRiOOMrLPF-m1OE8:1uMg5R:AOoaKDly0YQ5vzO2db4Moz7M0wijrzUC2UysTwovOHQ",
    "expire_date": "2025-06-18T12:50:49.067"
  }
},
{
  "model": "captcha.captchastore",
  "pk": 1,
  "fields": {
    "challenge": "UUYU",
    "response": "uuyu",
    "hashkey": "14336aa8e9837f8e49946bd41c00074114cdcd37",
    "expiration": "2025-05-08T16:41:55.034"
  }
},
{
  "model": "captcha.captchastore",
  "pk": 2,
  "fields": {
    "challenge": "ZDFT",
    "response": "zdft",
    "hashkey": "4787fc5c96f8fca4b540a579d8cbe4d4761e9c1e",
    "expiration": "2025-05-08T16:44:17.892"
  }
},
{
  "model": "captcha.captchastore",
  "pk": 3,
  "fields": {
    "challenge": "UBIO",
    "response": "ubio",
    "hashkey": "ae548dbeddee511c53bdd9a00d637b7ac056b205",
    "expiration": "2025-05-08T16:45:01.224"
  }
},
{
  "model": "captcha.captchastore",
  "pk": 4,
  "fields": {
    "challenge": "JNGT",
    "response": "jngt",
    "hashkey": "0696467ff8b0ad4f14a9272859999654c9df52a8",
    "expiration": "2025-05-08T16:45:53.237"
  }
},
{
  "model": "captcha.captchastore",
  "pk": 5,
  "fields": {
    "challenge": "RPPE",
    "response": "rppe",
    "hashkey": "ab739f8401821858cd50ceeed37e02dbfadc472d",
    "expiration": "2025-05-08T16:48:21.660"
  }
},
{
  "model": "captcha.captchastore",
  "pk": 6,
  "fields": {
    "challenge": "MKWH",
    "response": "mkwh",
    "hashkey": "f2ea7fbd5c012b6fabb46b0426eda22c19c70022",
    "expiration": "2025-05-08T16:48:44.752"
  }
},
{
  "model": "captcha.captchastore",
  "pk": 7,
  "fields": {
    "challenge": "JUIE",
    "response": "juie",
    "hashkey": "e6d6410b32c2922afb2a3c436e2e89cb002739c6",
    "expiration": "2025-05-08T16:55:11.620"
  }
},
{
  "model": "captcha.captchastore",
  "pk": 8,
  "fields": {
    "challenge": "WQZW",
    "response": "wqzw",
    "hashkey": "fa264536b7ca1a43233b128a17141296ac95a5c4",
    "expiration": "2025-05-08T16:55:16.875"
  }
},
{
  "model": "captcha.captchastore",
  "pk": 9,
  "fields": {
    "challenge": "OHVM",
    "response": "ohvm",
    "hashkey": "be72869b6a5246efb277fe744da097090bdc5438",
    "expiration": "2025-05-08T16:55:37.554"
  }
},
{
  "model": "captcha.captchastore",
  "pk": 10,
  "fields": {
    "challenge": "SQDN",
    "response": "sqdn",
    "hashkey": "be5a30cee4f84c1cde3c4880c6f8c067dd52cb9f",
    "expiration": "2025-05-08T16:55:54.038"
  }
},
{
  "model": "captcha.captchastore",
  "pk": 11,
  "fields": {
    "challenge": "IBAJ",
    "response": "ibaj",
    "hashkey": "956859f4b33aa6bb1bbb946aafc58f868e1186ca",
    "expiration": "2025-05-08T16:56:01.082"
  }
},
{
  "model": "captcha.captchastore",
  "pk": 12,
  "fields": {
    "challenge": "NMEX",
    "response": "nmex",
    "hashkey": "5d5778eefb4d98d30f28ba7a0d3b7c279b1fef37",
    "expiration": "2025-05-08T16:57:00.265"
  }
},
{
  "model": "captcha.captchastore",
  "pk": 13,
  "fields": {
    "challenge": "SXUR",
    "response": "sxur",
    "hashkey": "5876d3bcb3f895780375146ab5991d129a0bc54e",
    "expiration": "2025-05-08T16:57:13.651"
  }
},
{
  "model": "captcha.captchastore",
  "pk": 14,
  "fields": {
    "challenge": "UHEJ",
    "response": "uhej",
    "hashkey": "72b3f856861aac17525052f4e32c57ae6246764d",
    "expiration": "2025-05-08T16:57:21.513"
  }
},
{
  "model": "captcha.captchastore",
  "pk": 15,
  "fields": {
    "challenge": "PTRE",
    "response": "ptre",
    "hashkey": "2d0a9556a664f29175e8ebd1df77f94e6d81e3a3",
    "expiration": "2025-05-08T16:58:00.577"
  }
},
{
  "model": "captcha.captchastore",
  "pk": 16,
  "fields": {
    "challenge": "KMCX",
    "response": "kmcx",
    "hashkey": "dbf6b63a668f48dffeb61731943dea5a8ccc1659",
    "expiration": "2025-05-08T16:58:08.860"
  }
},
{
  "model": "captcha.captchastore",
  "pk": 17,
  "fields": {
    "challenge": "FGFC",
    "response": "fgfc",
    "hashkey": "a0ca38c7ad7b0f1aa272a4f4a5d5801ddb723be2",
    "expiration": "2025-05-08T17:00:18.777"
  }
},
{
  "model": "captcha.captchastore",
  "pk": 18,
  "fields": {
    "challenge": "JKNP",
    "response": "jknp",
    "hashkey": "37fd37b4ad8fd2f3f49fc560597704dfa691c2bd",
    "expiration": "2025-05-08T17:00:22.300"
  }
},
{
  "model": "captcha.captchastore",
  "pk": 19,
  "fields": {
    "challenge": "VLYJ",
    "response": "vlyj",
    "hashkey": "999d8b044990566a0fe7da7682259b03f10e483d",
    "expiration": "2025-05-08T17:03:50.375"
  }
},
{
  "model": "captcha.captchastore",
  "pk": 20,
  "fields": {
    "challenge": "XALG",
    "response": "xalg",
    "hashkey": "f9cbcd48f4d16f88dab341e9d4db4d1a36a2584a",
    "expiration": "2025-05-08T17:04:28.901"
  }
},
{
  "model": "captcha.captchastore",
  "pk": 21,
  "fields": {
    "challenge": "WDPX",
    "response": "wdpx",
    "hashkey": "1871b5a5f8745250f36988c3a1f7bdd5dfa4de10",
    "expiration": "2025-05-08T17:04:37.042"
  }
},
{
  "model": "captcha.captchastore",
  "pk": 22,
  "fields": {
    "challenge": "ACJZ",
    "response": "acjz",
    "hashkey": "e866e8e143952d9d90817c97f7ead42a5386e684",
    "expiration": "2025-05-08T17:05:33.125"
  }
},
{
  "model": "captcha.captchastore",
  "pk": 23,
  "fields": {
    "challenge": "OREJ",
    "response": "orej",
    "hashkey": "efefea59962e1f841d6e38690e629c3e1168fef6",
    "expiration": "2025-05-08T17:06:52.908"
  }
},
{
  "model": "captcha.captchastore",
  "pk": 24,
  "fields": {
    "challenge": "KGCP",
    "response": "kgcp",
    "hashkey": "6d0f9a8f2fecdc25ca0226c8d9326254101a8eb3",
    "expiration": "2025-05-08T17:07:26.984"
  }
},
{
  "model": "captcha.captchastore",
  "pk": 25,
  "fields": {
    "challenge": "ULEN",
    "response": "ulen",
    "hashkey": "616c9f0c41e15e34d2a58e9ffd267ca3f4f23a17",
    "expiration": "2025-05-08T17:09:12.947"
  }
},
{
  "model": "captcha.captchastore",
  "pk": 26,
  "fields": {
    "challenge": "FUQA",
    "response": "fuqa",
    "hashkey": "92ab0419250f355a605c5af2c81d5a3298dc32ad",
    "expiration": "2025-05-08T17:09:13.901"
  }
},
{
  "model": "captcha.captchastore",
  "pk": 27,
  "fields": {
    "challenge": "UIZQ",
    "response": "uizq",
    "hashkey": "7c28466a711fc133bda2321a5cf97cf37e1e5a7f",
    "expiration": "2025-05-08T17:09:14.789"
  }
},
{
  "model": "captcha.captchastore",
  "pk": 28,
  "fields": {
    "challenge": "JOCZ",
    "response": "jocz",
    "hashkey": "ba89bbf2f357151b223d2d7db11172820b3c95ad",
    "expiration": "2025-05-08T17:14:56.671"
  }
},
{
  "model": "captcha.captchastore",
  "pk": 29,
  "fields": {
    "challenge": "SHTD",
    "response": "shtd",
    "hashkey": "5931d4a8d3025ba867db38d6f67c30a3f92a16b2",
    "expiration": "2025-05-08T17:15:01.963"
  }
},
{
  "model": "captcha.captchastore",
  "pk": 30,
  "fields": {
    "challenge": "MDKB",
    "response": "mdkb",
    "hashkey": "1ad12baa53b8d6cf20d4325ccab5b71646a7c3d0",
    "expiration": "2025-05-08T17:15:04.736"
  }
},
{
  "model": "captcha.captchastore",
  "pk": 31,
  "fields": {
    "challenge": "EGIA",
    "response": "egia",
    "hashkey": "c190357df5ef60cdc43f38a27a347b6a5841470d",
    "expiration": "2025-05-08T18:24:50.468"
  }
},
{
  "model": "captcha.captchastore",
  "pk": 32,
  "fields": {
    "challenge": "JKWD",
    "response": "jkwd",
    "hashkey": "fc5c27b02b4bb145c91f5d643fc3d3a3ba75c03d",
    "expiration": "2025-05-08T18:26:09.865"
  }
},
{
  "model": "captcha.captchastore",
  "pk": 33,
  "fields": {
    "challenge": "RBJM",
    "response": "rbjm",
    "hashkey": "2348cd79a75d74c1d5e1e897766558f63591e9b3",
    "expiration": "2025-05-08T18:29:50.114"
  }
},
{
  "model": "captcha.captchastore",
  "pk": 34,
  "fields": {
    "challenge": "PKZA",
    "response": "pkza",
    "hashkey": "dbede24f8bad8757c8ea9e7aab790105633886b4",
    "expiration": "2025-05-08T18:30:29.791"
  }
},
{
  "model": "captcha.captchastore",
  "pk": 35,
  "fields": {
    "challenge": "SSPP",
    "response": "sspp",
    "hashkey": "4df1278654324a8362f37b42af6c59e476116025",
    "expiration": "2025-05-08T18:31:27.350"
  }
},
{
  "model": "captcha.captchastore",
  "pk": 36,
  "fields": {
    "challenge": "VZSR",
    "response": "vzsr",
    "hashkey": "0001c8511e16709a583744f0c25adcaaf4a4dd02",
    "expiration": "2025-05-08T18:31:36.531"
  }
},
{
  "model": "captcha.captchastore",
  "pk": 37,
  "fields": {
    "challenge": "JEQU",
    "response": "jequ",
    "hashkey": "8f43209a08dbd668218526546fb117d5519e887e",
    "expiration": "2025-05-08T18:36:01.983"
  }
},
{
  "model": "captcha.captchastore",
  "pk": 38,
  "fields": {
    "challenge": "GOBG",
    "response": "gobg",
    "hashkey": "80dab82603a93e79f341dff170a3540af039744c",
    "expiration": "2025-05-08T18:42:24.686"
  }
},
{
  "model": "captcha.captchastore",
  "pk": 39,
  "fields": {
    "challenge": "TGFF",
    "response": "tgff",
    "hashkey": "c06e442d0e14ce70e89902f625b4ca6ff7a330de",
    "expiration": "2025-05-08T18:43:37.533"
  }
},
{
  "model": "captcha.captchastore",
  "pk": 40,
  "fields": {
    "challenge": "EXIF",
    "response": "exif",
    "hashkey": "14f8b9262e0161c6d4908a0066389a1681bde56e",
    "expiration": "2025-05-08T18:43:49.054"
  }
},
{
  "model": "captcha.captchastore",
  "pk": 41,
  "fields": {
    "challenge": "ZFJI",
    "response": "zfji",
    "hashkey": "757f7a1b07723401d921457cdfd62089e029973d",
    "expiration": "2025-05-08T18:44:59.050"
  }
},
{
  "model": "captcha.captchastore",
  "pk": 42,
  "fields": {
    "challenge": "OPKF",
    "response": "opkf",
    "hashkey": "1736f36b32d3d43d4f47707b1f787b4d3d28f980",
    "expiration": "2025-05-08T18:45:07.709"
  }
},
{
  "model": "captcha.captchastore",
  "pk": 43,
  "fields": {
    "challenge": "XMSD",
    "response": "xmsd",
    "hashkey": "534a54ad6c20e71d0fb27532e372b6c1873db59a",
    "expiration": "2025-05-08T18:47:15.109"
  }
},
{
  "model": "captcha.captchastore",
  "pk": 44,
  "fields": {
    "challenge": "QJBK",
    "response": "qjbk",
    "hashkey": "3dafa8fcaf9f729139f10f0841d9762c4dbba106",
    "expiration": "2025-05-08T18:47:45.893"
  }
},
{
  "model": "captcha.captchastore",
  "pk": 45,
  "fields": {
    "challenge": "GEXY",
    "response": "gexy",
    "hashkey": "f7f7c118bd95751d5afc1c94bd76a5fe608011d4",
    "expiration": "2025-05-08T18:47:56.008"
  }
},
{
  "model": "captcha.captchastore",
  "pk": 46,
  "fields": {
    "challenge": "HIKW",
    "response": "hikw",
    "hashkey": "ca200eb123b00f778934048c8953e917d3e5958d",
    "expiration": "2025-05-08T18:48:05.875"
  }
},
{
  "model": "captcha.captchastore",
  "pk": 47,
  "fields": {
    "challenge": "IITW",
    "response": "iitw",
    "hashkey": "1575f99a1e38efa4e1198d8915d874f0dc89dace",
    "expiration": "2025-05-08T19:01:01.503"
  }
},
{
  "model": "captcha.captchastore",
  "pk": 48,
  "fields": {
    "challenge": "OFEZ",
    "response": "ofez",
    "hashkey": "8a7c725dbca50b3d2a1fd5e1aa07a8a5b8e77701",
    "expiration": "2025-05-08T20:05:52.400"
  }
},
{
  "model": "captcha.captchastore",
  "pk": 49,
  "fields": {
    "challenge": "PPNI",
    "response": "ppni",
    "hashkey": "b63c67e9aa85fb3be017278cc37869ab7b5847bb",
    "expiration": "2025-05-08T20:06:58.597"
  }
},
{
  "model": "captcha.captchastore",
  "pk": 50,
  "fields": {
    "challenge": "VQKH",
    "response": "vqkh",
    "hashkey": "0ce0761c9bf12c448147e424df38b9fdffdba60f",
    "expiration": "2025-05-08T20:07:11.184"
  }
},
{
  "model": "captcha.captchastore",
  "pk": 51,
  "fields": {
    "challenge": "MKXT",
    "response": "mkxt",
    "hashkey": "bb2c85d525b7336ae64bacb2c1c04eb7e6f52a0c",
    "expiration": "2025-05-08T20:08:00.365"
  }
},
{
  "model": "captcha.captchastore",
  "pk": 52,
  "fields": {
    "challenge": "ELCQ",
    "response": "elcq",
    "hashkey": "0e0ca74c09d1ea2038e2766d788be499802faa29",
    "expiration": "2025-05-08T20:08:20.999"
  }
},
{
  "model": "captcha.captchastore",
  "pk": 53,
  "fields": {
    "challenge": "ZCVU",
    "response": "zcvu",
    "hashkey": "7ee9d7ef8c10e073c4d6d1916a2f791cb91767ff",
    "expiration": "2025-05-08T20:14:06.736"
  }
},
{
  "model": "captcha.captchastore",
  "pk": 54,
  "fields": {
    "challenge": "WTIV",
    "response": "wtiv",
    "hashkey": "30f7674ffe47af83397fe33e3dd8c15d850cae7c",
    "expiration": "2025-05-08T20:23:29.427"
  }
},
{
  "model": "captcha.captchastore",
  "pk": 55,
  "fields": {
    "challenge": "EXJX",
    "response": "exjx",
    "hashkey": "c6ca069a37fd059278ba59516894feca6ec442cc",
    "expiration": "2025-05-08T20:23:50.363"
  }
},
{
  "model": "captcha.captchastore",
  "pk": 56,
  "fields": {
    "challenge": "NYBP",
    "response": "nybp",
    "hashkey": "3537f9bce99301a3bb88e9ddbe5694616d385177",
    "expiration": "2025-05-08T20:25:25.323"
  }
},
{
  "model": "captcha.captchastore",
  "pk": 57,
  "fields": {
    "challenge": "ONRH",
    "response": "onrh",
    "hashkey": "568b4c712b3d135b03baef39677e57d4057fb064",
    "expiration": "2025-05-08T20:28:23.068"
  }
},
{
  "model": "captcha.captchastore",
  "pk": 58,
  "fields": {
    "challenge": "ZCGQ",
    "response": "zcgq",
    "hashkey": "62eb939c09b3385b46ca7b24757352751455b0e1",
    "expiration": "2025-05-08T20:29:45.379"
  }
},
{
  "model": "captcha.captchastore",
  "pk": 59,
  "fields": {
    "challenge": "KHVQ",
    "response": "khvq",
    "hashkey": "b393452e90b4f89966dc3d2f7b178d173196b963",
    "expiration": "2025-05-08T20:35:16.097"
  }
},
{
  "model": "captcha.captchastore",
  "pk": 60,
  "fields": {
    "challenge": "KTUF",
    "response": "ktuf",
    "hashkey": "0ab431f662234e37047be15fb530b757f330969b",
    "expiration": "2025-05-08T20:35:19.697"
  }
},
{
  "model": "captcha.captchastore",
  "pk": 61,
  "fields": {
    "challenge": "GJBZ",
    "response": "gjbz",
    "hashkey": "1dc8ff756663a99f744fe7d4a6144868e7936933",
    "expiration": "2025-05-08T20:37:45.564"
  }
},
{
  "model": "captcha.captchastore",
  "pk": 62,
  "fields": {
    "challenge": "YIZP",
    "response": "yizp",
    "hashkey": "b21471088b37ff71ddd3eb7d5f5e10a63801486b",
    "expiration": "2025-05-08T20:40:25.881"
  }
},
{
  "model": "captcha.captchastore",
  "pk": 63,
  "fields": {
    "challenge": "LURS",
    "response": "lurs",
    "hashkey": "a01afeb7af5c97246af673cc6b16d6b7e2e08e03",
    "expiration": "2025-05-08T20:44:14.898"
  }
},
{
  "model": "captcha.captchastore",
  "pk": 64,
  "fields": {
    "challenge": "STEV",
    "response": "stev",
    "hashkey": "e3aa492949626a556f3e3a685490eac1793bdb6b",
    "expiration": "2025-05-08T20:44:41.031"
  }
},
{
  "model": "captcha.captchastore",
  "pk": 65,
  "fields": {
    "challenge": "AAHT",
    "response": "aaht",
    "hashkey": "7ce890a801d2d059b552146a7a62dd143d8ab9e4",
    "expiration": "2025-05-08T20:47:00.695"
  }
},
{
  "model": "captcha.captchastore",
  "pk": 66,
  "fields": {
    "challenge": "QJUS",
    "response": "qjus",
    "hashkey": "fafec815c22e539def8a182943e03071e7e087d1",
    "expiration": "2025-05-08T20:47:09.599"
  }
},
{
  "model": "captcha.captchastore",
  "pk": 67,
  "fields": {
    "challenge": "RMFW",
    "response": "rmfw",
    "hashkey": "08df4d98404d418b007ddb6e4d133919a403fe34",
    "expiration": "2025-05-08T20:47:16.022"
  }
},
{
  "model": "captcha.captchastore",
  "pk": 68,
  "fields": {
    "challenge": "NDKV",
    "response": "ndkv",
    "hashkey": "3bc42b22405e4d2a1d36882e68d572306dc421f2",
    "expiration": "2025-05-08T20:47:32.044"
  }
},
{
  "model": "captcha.captchastore",
  "pk": 69,
  "fields": {
    "challenge": "MKWA",
    "response": "mkwa",
    "hashkey": "f0b6182a4b4991f03ac290bbbe08a491772ca000",
    "expiration": "2025-05-08T20:51:35.497"
  }
},
{
  "model": "captcha.captchastore",
  "pk": 70,
  "fields": {
    "challenge": "QTZS",
    "response": "qtzs",
    "hashkey": "6593dd34605f00590b536d4931d01690217a8ba6",
    "expiration": "2025-05-08T20:51:50.377"
  }
},
{
  "model": "captcha.captchastore",
  "pk": 71,
  "fields": {
    "challenge": "UNWF",
    "response": "unwf",
    "hashkey": "91f45c96163a7535b5fd690f66a0ec0ed04965df",
    "expiration": "2025-05-08T20:52:37.650"
  }
},
{
  "model": "captcha.captchastore",
  "pk": 72,
  "fields": {
    "challenge": "YFRL",
    "response": "yfrl",
    "hashkey": "d041934edd770430413046e9264351a6e5347bbc",
    "expiration": "2025-05-08T20:53:17.705"
  }
},
{
  "model": "captcha.captchastore",
  "pk": 73,
  "fields": {
    "challenge": "CVXU",
    "response": "cvxu",
    "hashkey": "aee1b01f6051f6a6638ebf9212fac9b914263ec0",
    "expiration": "2025-05-08T20:55:34.436"
  }
},
{
  "model": "captcha.captchastore",
  "pk": 74,
  "fields": {
    "challenge": "AFJQ",
    "response": "afjq",
    "hashkey": "c71b6d75d9c5ea0dfcb9d8e5cc91534f358a9555",
    "expiration": "2025-05-08T20:55:49.408"
  }
},
{
  "model": "captcha.captchastore",
  "pk": 75,
  "fields": {
    "challenge": "VLGP",
    "response": "vlgp",
    "hashkey": "a143de54f0b4ae81dbc2f102102cff89865d8a58",
    "expiration": "2025-05-08T21:00:16.659"
  }
},
{
  "model": "captcha.captchastore",
  "pk": 76,
  "fields": {
    "challenge": "HWSL",
    "response": "hwsl",
    "hashkey": "f96295a37dd131a023f206bf81b2e39285f7d025",
    "expiration": "2025-05-08T21:02:22.219"
  }
},
{
  "model": "captcha.captchastore",
  "pk": 77,
  "fields": {
    "challenge": "GLPI",
    "response": "glpi",
    "hashkey": "4341b83c283ebbac28456b52181dbe33ea32be05",
    "expiration": "2025-05-08T21:02:57.588"
  }
},
{
  "model": "captcha.captchastore",
  "pk": 78,
  "fields": {
    "challenge": "YOTR",
    "response": "yotr",
    "hashkey": "4b8cadf53992e16934fec07b7ba89cffddcd90de",
    "expiration": "2025-05-08T21:03:32.563"
  }
},
{
  "model": "captcha.captchastore",
  "pk": 79,
  "fields": {
    "challenge": "1*9=",
    "response": "9",
    "hashkey": "f4cbb6e8f2716e61c47aaefc8def31d05d5e4f58",
    "expiration": "2025-05-08T16:07:49.528"
  }
},
{
  "model": "captcha.captchastore",
  "pk": 80,
  "fields": {
    "challenge": "10-9=",
    "response": "1",
    "hashkey": "25ecc3fcad1337d488da1f0af7e2bf10ddfca94b",
    "expiration": "2025-05-08T16:13:37.063"
  }
},
{
  "model": "captcha.captchastore",
  "pk": 81,
  "fields": {
    "challenge": "6*6=",
    "response": "36",
    "hashkey": "bc0b871403635964048c715bf14e362f873a01db",
    "expiration": "2025-05-08T16:13:39.700"
  }
},
{
  "model": "captcha.captchastore",
  "pk": 82,
  "fields": {
    "challenge": "YJBP",
    "response": "yjbp",
    "hashkey": "0b8c94e37ab2bb6a4c94cdfe2306554bc5cdea90",
    "expiration": "2025-05-08T16:14:40.485"
  }
},
{
  "model": "captcha.captchastore",
  "pk": 83,
  "fields": {
    "challenge": "GQLS",
    "response": "gqls",
    "hashkey": "87897bfc0238262113db9ceb89f4089753582ae5",
    "expiration": "2025-05-08T16:14:44.593"
  }
},
{
  "model": "captcha.captchastore",
  "pk": 84,
  "fields": {
    "challenge": "LWJK",
    "response": "lwjk",
    "hashkey": "0cdcf903e2d2697e43de92d8d5781d28f4267368",
    "expiration": "2025-05-08T16:15:10.109"
  }
},
{
  "model": "captcha.captchastore",
  "pk": 85,
  "fields": {
    "challenge": "PVIH",
    "response": "pvih",
    "hashkey": "2f6b13b965b3704801fa952605686a59c18ab69f",
    "expiration": "2025-05-08T16:15:11.356"
  }
},
{
  "model": "captcha.captchastore",
  "pk": 86,
  "fields": {
    "challenge": "DHEQ",
    "response": "dheq",
    "hashkey": "cecbdf73441a90085fe93354c78c243ce2f0e6f6",
    "expiration": "2025-05-08T16:16:39.707"
  }
},
{
  "model": "captcha.captchastore",
  "pk": 87,
  "fields": {
    "challenge": "NUBT",
    "response": "nubt",
    "hashkey": "dddedf8c8e35766c7e7ee305b0d063416180226b",
    "expiration": "2025-05-08T16:24:40.905"
  }
},
{
  "model": "captcha.captchastore",
  "pk": 88,
  "fields": {
    "challenge": "IQIO",
    "response": "iqio",
    "hashkey": "9c1a34ab29ed30bd51fa5dff3e5e7de8e73063af",
    "expiration": "2025-05-08T16:27:12.083"
  }
},
{
  "model": "captcha.captchastore",
  "pk": 89,
  "fields": {
    "challenge": "JBRI",
    "response": "jbri",
    "hashkey": "3170f53158173d551b43caa054a1c6012b9277b3",
    "expiration": "2025-05-08T16:27:34.464"
  }
},
{
  "model": "captcha.captchastore",
  "pk": 90,
  "fields": {
    "challenge": "CNJB",
    "response": "cnjb",
    "hashkey": "7f3b4cd7d322bcfdfd0586e1b1ad2b7fb6f1be86",
    "expiration": "2025-05-08T16:28:04.660"
  }
},
{
  "model": "captcha.captchastore",
  "pk": 91,
  "fields": {
    "challenge": "XOIZ",
    "response": "xoiz",
    "hashkey": "e0bf754e88cc9f58c1765dfdfb08285d6736a47a",
    "expiration": "2025-05-08T16:28:21.241"
  }
},
{
  "model": "captcha.captchastore",
  "pk": 92,
  "fields": {
    "challenge": "XBKA",
    "response": "xbka",
    "hashkey": "d9662de6f8d9f7eb037da8820c5e1d1da17a7bef",
    "expiration": "2025-05-08T16:28:57.564"
  }
},
{
  "model": "captcha.captchastore",
  "pk": 93,
  "fields": {
    "challenge": "FJKH",
    "response": "fjkh",
    "hashkey": "32df85a908fd2c6ee984d1893f05653b1b4edaf1",
    "expiration": "2025-05-08T16:30:48.054"
  }
},
{
  "model": "captcha.captchastore",
  "pk": 94,
  "fields": {
    "challenge": "EAUA",
    "response": "eaua",
    "hashkey": "3ba83d5bd944fa853a51ed110843703026dabe5c",
    "expiration": "2025-05-08T16:30:50.134"
  }
},
{
  "model": "captcha.captchastore",
  "pk": 95,
  "fields": {
    "challenge": "YWWZ",
    "response": "ywwz",
    "hashkey": "d949dfce5339e99aace9ec8c1a3336510186c704",
    "expiration": "2025-05-08T16:31:30.575"
  }
},
{
  "model": "captcha.captchastore",
  "pk": 96,
  "fields": {
    "challenge": "GMAA",
    "response": "gmaa",
    "hashkey": "b054cf377ba1d422ff22bdc99dbe1c2ff57fd670",
    "expiration": "2025-05-08T16:31:55.924"
  }
},
{
  "model": "captcha.captchastore",
  "pk": 97,
  "fields": {
    "challenge": "PUXP",
    "response": "puxp",
    "hashkey": "1ad3be93cd0d2b5e6640c0bdfd210f4a2a6486d5",
    "expiration": "2025-05-08T16:32:33.764"
  }
},
{
  "model": "captcha.captchastore",
  "pk": 98,
  "fields": {
    "challenge": "MFDV",
    "response": "mfdv",
    "hashkey": "2919134250d516822e358d6e6ae557eb6be0b6f0",
    "expiration": "2025-05-08T16:34:46.841"
  }
},
{
  "model": "captcha.captchastore",
  "pk": 99,
  "fields": {
    "challenge": "EGAH",
    "response": "egah",
    "hashkey": "24832deb4284ec912bba84eda37e82b55322c475",
    "expiration": "2025-05-08T16:37:49.926"
  }
},
{
  "model": "captcha.captchastore",
  "pk": 100,
  "fields": {
    "challenge": "OUSE",
    "response": "ouse",
    "hashkey": "00d4909a99c282ccca6d6c5e2174b69b3b2bca38",
    "expiration": "2025-05-08T16:39:39.894"
  }
},
{
  "model": "captcha.captchastore",
  "pk": 101,
  "fields": {
    "challenge": "ZFYZ",
    "response": "zfyz",
    "hashkey": "cf5953a2ba4254f98828fb4cbfa31eba0bdcd4c5",
    "expiration": "2025-05-08T16:41:21.219"
  }
},
{
  "model": "captcha.captchastore",
  "pk": 102,
  "fields": {
    "challenge": "DFYT",
    "response": "dfyt",
    "hashkey": "b733e4b2c42eeacb609ce7b2d63ad2f994f622d5",
    "expiration": "2025-05-08T17:07:46.148"
  }
},
{
  "model": "captcha.captchastore",
  "pk": 103,
  "fields": {
    "challenge": "LJWP",
    "response": "ljwp",
    "hashkey": "1607fa0aba0c6cc69586fbb629dd6329a4ff3733",
    "expiration": "2025-05-08T17:09:35.261"
  }
},
{
  "model": "captcha.captchastore",
  "pk": 104,
  "fields": {
    "challenge": "PFEQ",
    "response": "pfeq",
    "hashkey": "a939b8a43447d2fa8620e83c65448b76f162eafc",
    "expiration": "2025-05-08T17:12:57.344"
  }
},
{
  "model": "captcha.captchastore",
  "pk": 105,
  "fields": {
    "challenge": "RHFI",
    "response": "rhfi",
    "hashkey": "8289d1ce3491bc330c485f658e9660a4343fb35b",
    "expiration": "2025-05-08T17:14:27.405"
  }
},
{
  "model": "captcha.captchastore",
  "pk": 106,
  "fields": {
    "challenge": "EDPL",
    "response": "edpl",
    "hashkey": "18c4e4024d4dc1c94a04c8b46dac767602a0bdac",
    "expiration": "2025-05-08T17:19:32.632"
  }
},
{
  "model": "captcha.captchastore",
  "pk": 107,
  "fields": {
    "challenge": "KUKB",
    "response": "kukb",
    "hashkey": "f397d2cfe8b938fa58aa72f325df382a214c2c2a",
    "expiration": "2025-05-08T17:20:21.247"
  }
},
{
  "model": "captcha.captchastore",
  "pk": 108,
  "fields": {
    "challenge": "ZZMI",
    "response": "zzmi",
    "hashkey": "373c10fa01b7955a65460c56b598680b7c1f0b31",
    "expiration": "2025-05-08T17:21:27.067"
  }
},
{
  "model": "captcha.captchastore",
  "pk": 109,
  "fields": {
    "challenge": "EJNL",
    "response": "ejnl",
    "hashkey": "75c622ffb26ad12fe444d4f693580b2fb2d36f16",
    "expiration": "2025-05-08T17:21:56.010"
  }
},
{
  "model": "captcha.captchastore",
  "pk": 110,
  "fields": {
    "challenge": "TABJ",
    "response": "tabj",
    "hashkey": "39fe55d7fa45db9cba49792638db540020aca384",
    "expiration": "2025-05-08T17:27:32.015"
  }
},
{
  "model": "captcha.captchastore",
  "pk": 111,
  "fields": {
    "challenge": "JJFJ",
    "response": "jjfj",
    "hashkey": "46736b5ebd90e4a2536daa06e955928a7d73f414",
    "expiration": "2025-05-08T17:27:40.282"
  }
},
{
  "model": "captcha.captchastore",
  "pk": 112,
  "fields": {
    "challenge": "IJCW",
    "response": "ijcw",
    "hashkey": "3a93e4c538c737c42aed181c9c636cd4b9cf85d7",
    "expiration": "2025-05-08T17:37:57.431"
  }
},
{
  "model": "captcha.captchastore",
  "pk": 113,
  "fields": {
    "challenge": "SZLV",
    "response": "szlv",
    "hashkey": "ca14806b0ef8b647012dd838f924b0e2a4a0be82",
    "expiration": "2025-05-08T17:38:04.106"
  }
},
{
  "model": "captcha.captchastore",
  "pk": 114,
  "fields": {
    "challenge": "ICRH",
    "response": "icrh",
    "hashkey": "426320f2bd94996e512c4b004fc35ae3b1ec9877",
    "expiration": "2025-05-08T17:38:23.049"
  }
},
{
  "model": "captcha.captchastore",
  "pk": 115,
  "fields": {
    "challenge": "PIDT",
    "response": "pidt",
    "hashkey": "93fb66663cab8d8241d84d0ff4506d22130c5a9d",
    "expiration": "2025-05-08T17:38:40.615"
  }
},
{
  "model": "captcha.captchastore",
  "pk": 116,
  "fields": {
    "challenge": "WLRG",
    "response": "wlrg",
    "hashkey": "481dc0de554409ccfa6f22aa1b5049312b5a8862",
    "expiration": "2025-05-08T17:38:42.023"
  }
},
{
  "model": "captcha.captchastore",
  "pk": 117,
  "fields": {
    "challenge": "QIHV",
    "response": "qihv",
    "hashkey": "8735ffb61aef826dd3b30e5d94486e602be44373",
    "expiration": "2025-05-08T17:40:54.910"
  }
},
{
  "model": "captcha.captchastore",
  "pk": 118,
  "fields": {
    "challenge": "QHDL",
    "response": "qhdl",
    "hashkey": "4e061e27aeea517c591f86c7205db397348a1989",
    "expiration": "2025-05-08T17:41:02.300"
  }
},
{
  "model": "captcha.captchastore",
  "pk": 119,
  "fields": {
    "challenge": "XVGV",
    "response": "xvgv",
    "hashkey": "63b7a356f6cfa9951663a24503f401c50c5b2c93",
    "expiration": "2025-05-09T08:51:30.906"
  }
},
{
  "model": "captcha.captchastore",
  "pk": 120,
  "fields": {
    "challenge": "LQBB",
    "response": "lqbb",
    "hashkey": "e5b88509266ec578ef61f23c5d82c00277bf81c4",
    "expiration": "2025-05-09T08:51:55.135"
  }
},
{
  "model": "captcha.captchastore",
  "pk": 121,
  "fields": {
    "challenge": "GQLA",
    "response": "gqla",
    "hashkey": "c6228fe45a0d9b3393b9a63e1189f8dc6e804d9c",
    "expiration": "2025-05-09T08:52:31.282"
  }
},
{
  "model": "captcha.captchastore",
  "pk": 122,
  "fields": {
    "challenge": "BSNY",
    "response": "bsny",
    "hashkey": "7eedc82eb41dc92c00d888aa43132a52423760f2",
    "expiration": "2025-05-09T08:54:05.885"
  }
},
{
  "model": "captcha.captchastore",
  "pk": 123,
  "fields": {
    "challenge": "UDGZ",
    "response": "udgz",
    "hashkey": "4827bead51fdf4b69d710923e4526822a0de3942",
    "expiration": "2025-05-09T08:54:54.518"
  }
},
{
  "model": "captcha.captchastore",
  "pk": 124,
  "fields": {
    "challenge": "SFHV",
    "response": "sfhv",
    "hashkey": "fe294106131a9c36276e6d59f57343a11698e9dc",
    "expiration": "2025-05-09T08:56:26.193"
  }
},
{
  "model": "captcha.captchastore",
  "pk": 125,
  "fields": {
    "challenge": "NWJD",
    "response": "nwjd",
    "hashkey": "d99afd1e14116bfa07abff7d7f3ba93f31572a01",
    "expiration": "2025-05-09T08:59:07.791"
  }
},
{
  "model": "captcha.captchastore",
  "pk": 126,
  "fields": {
    "challenge": "UYUQ",
    "response": "uyuq",
    "hashkey": "f2d2036780e3bdee18f7a52c37b522075b78b280",
    "expiration": "2025-05-09T09:00:39.591"
  }
},
{
  "model": "captcha.captchastore",
  "pk": 127,
  "fields": {
    "challenge": "YJWO",
    "response": "yjwo",
    "hashkey": "55737e40042e17e91762dbc6d6f569de025fe18a",
    "expiration": "2025-05-09T09:01:07.798"
  }
},
{
  "model": "captcha.captchastore",
  "pk": 128,
  "fields": {
    "challenge": "DXWP",
    "response": "dxwp",
    "hashkey": "e72205b743bf855596bf6ddfeab1b2836d7434b4",
    "expiration": "2025-05-09T09:02:33.263"
  }
},
{
  "model": "captcha.captchastore",
  "pk": 129,
  "fields": {
    "challenge": "HXZT",
    "response": "hxzt",
    "hashkey": "69a258fc87eefe1ec9b4f7a3eb740c185fdc1161",
    "expiration": "2025-05-09T09:05:45.800"
  }
},
{
  "model": "captcha.captchastore",
  "pk": 130,
  "fields": {
    "challenge": "ZHML",
    "response": "zhml",
    "hashkey": "0de3a80075be961d896da3ef1b846a8fb4014438",
    "expiration": "2025-05-09T09:06:12.629"
  }
},
{
  "model": "captcha.captchastore",
  "pk": 131,
  "fields": {
    "challenge": "RCXQ",
    "response": "rcxq",
    "hashkey": "2e41ed83289da2466b084997feabff3948065770",
    "expiration": "2025-05-09T09:06:32.817"
  }
},
{
  "model": "captcha.captchastore",
  "pk": 132,
  "fields": {
    "challenge": "JWPV",
    "response": "jwpv",
    "hashkey": "1ee2e28bdd41034d15a212eeac4baf10ae157bae",
    "expiration": "2025-05-09T09:11:07.112"
  }
},
{
  "model": "captcha.captchastore",
  "pk": 133,
  "fields": {
    "challenge": "OEII",
    "response": "oeii",
    "hashkey": "870b3a338017f985fc69584fefc185e0e228f7b1",
    "expiration": "2025-05-09T09:16:01.634"
  }
},
{
  "model": "captcha.captchastore",
  "pk": 134,
  "fields": {
    "challenge": "FJHI",
    "response": "fjhi",
    "hashkey": "fb49ce3759c18afe063c45451dd6a5e2657276e1",
    "expiration": "2025-05-09T09:16:17.873"
  }
},
{
  "model": "captcha.captchastore",
  "pk": 135,
  "fields": {
    "challenge": "NNUK",
    "response": "nnuk",
    "hashkey": "847773af81c5c2fa1ce820a6bfaa3ea86722e82b",
    "expiration": "2025-05-09T09:23:47.391"
  }
},
{
  "model": "captcha.captchastore",
  "pk": 136,
  "fields": {
    "challenge": "WVWG",
    "response": "wvwg",
    "hashkey": "10a93ad8ee5d79d9b5d7b23412b85636494ddf02",
    "expiration": "2025-05-09T09:32:30.490"
  }
},
{
  "model": "captcha.captchastore",
  "pk": 137,
  "fields": {
    "challenge": "XNPV",
    "response": "xnpv",
    "hashkey": "49ef35ff72364b541b076cf5ebbb92f4595f538c",
    "expiration": "2025-05-09T09:32:38.587"
  }
},
{
  "model": "captcha.captchastore",
  "pk": 138,
  "fields": {
    "challenge": "XJYI",
    "response": "xjyi",
    "hashkey": "a3f1e5224d554291e6c7b6c2fdad25431d57983d",
    "expiration": "2025-05-09T09:33:07.927"
  }
},
{
  "model": "captcha.captchastore",
  "pk": 139,
  "fields": {
    "challenge": "QWLK",
    "response": "qwlk",
    "hashkey": "cfacee62e54ffd12e0d3949cc3fb56295ef9c6be",
    "expiration": "2025-05-09T09:33:16.508"
  }
},
{
  "model": "captcha.captchastore",
  "pk": 140,
  "fields": {
    "challenge": "YMLR",
    "response": "ymlr",
    "hashkey": "b9c6e1d90d4766509ef2e193fa5c3f38bb67a047",
    "expiration": "2025-05-09T09:36:10.425"
  }
},
{
  "model": "captcha.captchastore",
  "pk": 141,
  "fields": {
    "challenge": "XCBW",
    "response": "xcbw",
    "hashkey": "2a15f93f887e2fa52733771af86f0422b1f47a8c",
    "expiration": "2025-05-09T09:36:19.005"
  }
},
{
  "model": "captcha.captchastore",
  "pk": 142,
  "fields": {
    "challenge": "ONHW",
    "response": "onhw",
    "hashkey": "db41b8fe5ee6a8602794dc3df8214be4fdda0b67",
    "expiration": "2025-05-09T09:39:09.005"
  }
},
{
  "model": "captcha.captchastore",
  "pk": 143,
  "fields": {
    "challenge": "RKXN",
    "response": "rkxn",
    "hashkey": "852ba4a1b9efd36eaf37238e750f8082bc7b1e7c",
    "expiration": "2025-05-09T09:40:02.125"
  }
},
{
  "model": "captcha.captchastore",
  "pk": 144,
  "fields": {
    "challenge": "XUKG",
    "response": "xukg",
    "hashkey": "9b2211e3c4ed757c72d614d9cc16dcca8aebfd50",
    "expiration": "2025-05-09T09:40:11.730"
  }
},
{
  "model": "captcha.captchastore",
  "pk": 145,
  "fields": {
    "challenge": "HRFF",
    "response": "hrff",
    "hashkey": "1c57b08077d4057d07b1f484bafcf0d6497e916c",
    "expiration": "2025-05-09T09:42:16.312"
  }
},
{
  "model": "captcha.captchastore",
  "pk": 146,
  "fields": {
    "challenge": "MZRU",
    "response": "mzru",
    "hashkey": "d432ac65c694f4de39b8a85c0b65ff512af05acc",
    "expiration": "2025-05-09T09:42:22.453"
  }
},
{
  "model": "captcha.captchastore",
  "pk": 147,
  "fields": {
    "challenge": "SVED",
    "response": "sved",
    "hashkey": "a7e322fe21bf8aa3f5475303047de215bd5f0d7d",
    "expiration": "2025-05-09T09:42:41.028"
  }
},
{
  "model": "captcha.captchastore",
  "pk": 148,
  "fields": {
    "challenge": "MFPF",
    "response": "mfpf",
    "hashkey": "cdec8714c30a5b206f5409f85020783015361f04",
    "expiration": "2025-05-09T09:42:45.076"
  }
},
{
  "model": "captcha.captchastore",
  "pk": 149,
  "fields": {
    "challenge": "IBNC",
    "response": "ibnc",
    "hashkey": "a6d9fe92ed511f0fbf0b0d909d69558de99b4094",
    "expiration": "2025-05-09T09:44:35.035"
  }
},
{
  "model": "captcha.captchastore",
  "pk": 150,
  "fields": {
    "challenge": "KCTE",
    "response": "kcte",
    "hashkey": "e20bc6362b9099ca78bf94ad8f938b22e09b95c7",
    "expiration": "2025-05-09T09:44:36.741"
  }
},
{
  "model": "captcha.captchastore",
  "pk": 151,
  "fields": {
    "challenge": "NXBC",
    "response": "nxbc",
    "hashkey": "1357d44c1b154b452a426062579fbfb30da8704a",
    "expiration": "2025-05-09T09:44:37.702"
  }
},
{
  "model": "captcha.captchastore",
  "pk": 152,
  "fields": {
    "challenge": "MAIB",
    "response": "maib",
    "hashkey": "b119f68fedaf27d11c587e412ac370b0300c1211",
    "expiration": "2025-05-09T09:44:38.552"
  }
},
{
  "model": "captcha.captchastore",
  "pk": 153,
  "fields": {
    "challenge": "YDMK",
    "response": "ydmk",
    "hashkey": "46d628e4bce0a0f2ada9681e51191359a90dd8fc",
    "expiration": "2025-05-09T09:44:39.247"
  }
},
{
  "model": "captcha.captchastore",
  "pk": 154,
  "fields": {
    "challenge": "HLHK",
    "response": "hlhk",
    "hashkey": "7a6f2671dedfe7363b18f0575279545821966351",
    "expiration": "2025-05-09T09:44:39.935"
  }
},
{
  "model": "captcha.captchastore",
  "pk": 155,
  "fields": {
    "challenge": "FTQA",
    "response": "ftqa",
    "hashkey": "318776fb95279d4696bcf007b93897f89b79b6c8",
    "expiration": "2025-05-09T09:47:19.911"
  }
},
{
  "model": "captcha.captchastore",
  "pk": 156,
  "fields": {
    "challenge": "UKMW",
    "response": "ukmw",
    "hashkey": "ec336527490eca96cdb42664c202f0943c1272e4",
    "expiration": "2025-05-09T09:47:21.978"
  }
},
{
  "model": "captcha.captchastore",
  "pk": 157,
  "fields": {
    "challenge": "ADLZ",
    "response": "adlz",
    "hashkey": "0f5059d1666e5508bf46060031ae66ea74d518c8",
    "expiration": "2025-05-09T09:47:24.952"
  }
},
{
  "model": "captcha.captchastore",
  "pk": 158,
  "fields": {
    "challenge": "QJIP",
    "response": "qjip",
    "hashkey": "209b632497f8457e6618cf69bd4ef12d585f6326",
    "expiration": "2025-05-09T09:47:26.078"
  }
},
{
  "model": "captcha.captchastore",
  "pk": 159,
  "fields": {
    "challenge": "AMCJ",
    "response": "amcj",
    "hashkey": "3b9eb03dafd405e696d31a76fe72329d0a6584ea",
    "expiration": "2025-05-09T09:47:27.906"
  }
},
{
  "model": "captcha.captchastore",
  "pk": 160,
  "fields": {
    "challenge": "HIJL",
    "response": "hijl",
    "hashkey": "d46477f92d199d2bcd9821df37f7f6c076491b63",
    "expiration": "2025-05-09T09:47:30.700"
  }
},
{
  "model": "captcha.captchastore",
  "pk": 161,
  "fields": {
    "challenge": "BBUW",
    "response": "bbuw",
    "hashkey": "a7ca4ea6c27ea9b3d2e9abcb8abd33fa70321594",
    "expiration": "2025-05-09T09:51:40.569"
  }
},
{
  "model": "captcha.captchastore",
  "pk": 162,
  "fields": {
    "challenge": "KLVS",
    "response": "klvs",
    "hashkey": "cc457a52392681a451ba722d022e16b81af3642a",
    "expiration": "2025-05-09T09:51:48.396"
  }
},
{
  "model": "captcha.captchastore",
  "pk": 163,
  "fields": {
    "challenge": "JAYQ",
    "response": "jayq",
    "hashkey": "74f6f298560d758976047555f4aca69e1d5ff9e7",
    "expiration": "2025-05-09T10:48:39.717"
  }
},
{
  "model": "captcha.captchastore",
  "pk": 164,
  "fields": {
    "challenge": "XUXA",
    "response": "xuxa",
    "hashkey": "81baf4b881a15abc529ec634ee14ff83f7f76658",
    "expiration": "2025-05-09T10:53:52.067"
  }
},
{
  "model": "captcha.captchastore",
  "pk": 165,
  "fields": {
    "challenge": "WRGC",
    "response": "wrgc",
    "hashkey": "60694801068c890be3850d9e0b83f06051b4b638",
    "expiration": "2025-05-09T10:55:09.166"
  }
},
{
  "model": "captcha.captchastore",
  "pk": 166,
  "fields": {
    "challenge": "XNOV",
    "response": "xnov",
    "hashkey": "b73968ecdf7834ce756399ed8f146f288be94308",
    "expiration": "2025-05-09T10:55:39.579"
  }
},
{
  "model": "captcha.captchastore",
  "pk": 167,
  "fields": {
    "challenge": "AQSY",
    "response": "aqsy",
    "hashkey": "7cb119f4b5caee016dd78695311d5b19b03b5926",
    "expiration": "2025-05-09T11:01:17.195"
  }
},
{
  "model": "captcha.captchastore",
  "pk": 168,
  "fields": {
    "challenge": "XXAM",
    "response": "xxam",
    "hashkey": "dd8046b6ea4926afe76b5c861eaeec8832bb3131",
    "expiration": "2025-05-09T11:01:54.308"
  }
},
{
  "model": "captcha.captchastore",
  "pk": 169,
  "fields": {
    "challenge": "AUKK",
    "response": "aukk",
    "hashkey": "005781e3d7857a4705f514f4539df9afc2e0c8dd",
    "expiration": "2025-05-09T11:06:47.675"
  }
},
{
  "model": "captcha.captchastore",
  "pk": 170,
  "fields": {
    "challenge": "RFRL",
    "response": "rfrl",
    "hashkey": "e7bddc6a18bf404cf751a1d8f1993c1b359024cb",
    "expiration": "2025-05-09T11:06:50.107"
  }
},
{
  "model": "captcha.captchastore",
  "pk": 171,
  "fields": {
    "challenge": "LRYY",
    "response": "lryy",
    "hashkey": "fe14a96e09fbba7f72c39728b74ab1fdb53f3b08",
    "expiration": "2025-05-09T11:06:58.112"
  }
},
{
  "model": "captcha.captchastore",
  "pk": 172,
  "fields": {
    "challenge": "FVLL",
    "response": "fvll",
    "hashkey": "1edcd74615f83f46dffbed7ef95f56950744eaa7",
    "expiration": "2025-05-09T11:09:56.509"
  }
},
{
  "model": "captcha.captchastore",
  "pk": 173,
  "fields": {
    "challenge": "MKBH",
    "response": "mkbh",
    "hashkey": "d33b32fac57ab498681a7dd9e3ac3f289681deae",
    "expiration": "2025-05-09T11:10:03.397"
  }
},
{
  "model": "captcha.captchastore",
  "pk": 174,
  "fields": {
    "challenge": "MFCS",
    "response": "mfcs",
    "hashkey": "f7e5c350f911fcc3e87f3faf4b5acf01a6b2e7aa",
    "expiration": "2025-05-09T11:12:10.468"
  }
},
{
  "model": "captcha.captchastore",
  "pk": 175,
  "fields": {
    "challenge": "PDQS",
    "response": "pdqs",
    "hashkey": "3eba969b08ca2bc0354d7ab42e49b79766392381",
    "expiration": "2025-05-09T11:17:17.861"
  }
},
{
  "model": "captcha.captchastore",
  "pk": 176,
  "fields": {
    "challenge": "UKSG",
    "response": "uksg",
    "hashkey": "ef9af11d193cb8890ac733c3f860644645bb087e",
    "expiration": "2025-05-09T11:18:47.742"
  }
},
{
  "model": "captcha.captchastore",
  "pk": 177,
  "fields": {
    "challenge": "WPBA",
    "response": "wpba",
    "hashkey": "51b4634bdd3e8c3cab2b4ae2ed75c7ae26302374",
    "expiration": "2025-05-09T11:27:17.230"
  }
},
{
  "model": "captcha.captchastore",
  "pk": 178,
  "fields": {
    "challenge": "BECH",
    "response": "bech",
    "hashkey": "40a81680cb27a79d9a5bdf6b84521a4dd6c6ec9f",
    "expiration": "2025-05-09T11:27:30.266"
  }
},
{
  "model": "captcha.captchastore",
  "pk": 179,
  "fields": {
    "challenge": "XXAZ",
    "response": "xxaz",
    "hashkey": "e39b9f3f9849c8dabd11aa6d3233eff8b30bba3a",
    "expiration": "2025-05-09T11:29:53.829"
  }
},
{
  "model": "captcha.captchastore",
  "pk": 180,
  "fields": {
    "challenge": "VPUD",
    "response": "vpud",
    "hashkey": "17e97740e534db7bbd7a6af2c6b3cace34a14e8f",
    "expiration": "2025-05-09T11:30:04.553"
  }
},
{
  "model": "captcha.captchastore",
  "pk": 181,
  "fields": {
    "challenge": "UOJI",
    "response": "uoji",
    "hashkey": "4ef0c7052e010dcc21b82f961f5593ba234e0085",
    "expiration": "2025-05-09T11:31:01.711"
  }
},
{
  "model": "captcha.captchastore",
  "pk": 182,
  "fields": {
    "challenge": "URDH",
    "response": "urdh",
    "hashkey": "91dae715d3dc6e8e5cf6ccacc52ef93463489c54",
    "expiration": "2025-05-09T11:31:39.904"
  }
},
{
  "model": "captcha.captchastore",
  "pk": 183,
  "fields": {
    "challenge": "TCHJ",
    "response": "tchj",
    "hashkey": "c170ec44936ae9031018f3a8fad960ef472a688e",
    "expiration": "2025-05-09T11:32:19.709"
  }
},
{
  "model": "captcha.captchastore",
  "pk": 184,
  "fields": {
    "challenge": "SOEN",
    "response": "soen",
    "hashkey": "1b7a4c7d990cd0c362a066c0f36677081f5839b9",
    "expiration": "2025-05-09T11:32:27.782"
  }
},
{
  "model": "captcha.captchastore",
  "pk": 185,
  "fields": {
    "challenge": "DWXP",
    "response": "dwxp",
    "hashkey": "55d78323fb34adcbc441464941654517e6f51f96",
    "expiration": "2025-05-09T11:32:33.283"
  }
},
{
  "model": "captcha.captchastore",
  "pk": 186,
  "fields": {
    "challenge": "JPXS",
    "response": "jpxs",
    "hashkey": "a8507a1a48314e163b8f803a9892f3dacfe266ee",
    "expiration": "2025-05-09T11:37:06.950"
  }
},
{
  "model": "captcha.captchastore",
  "pk": 187,
  "fields": {
    "challenge": "KWYU",
    "response": "kwyu",
    "hashkey": "3a33d304ce21482689fbea75e22c966a343954dc",
    "expiration": "2025-05-09T11:37:08.350"
  }
},
{
  "model": "captcha.captchastore",
  "pk": 188,
  "fields": {
    "challenge": "FXPD",
    "response": "fxpd",
    "hashkey": "8629b674d686f5f75c72e13160dcce8da1a18ddd",
    "expiration": "2025-05-09T11:53:30.781"
  }
},
{
  "model": "captcha.captchastore",
  "pk": 189,
  "fields": {
    "challenge": "RSCB",
    "response": "rscb",
    "hashkey": "7a90b0dfd4a81a9a8d93e7d8aeb498645098b9c8",
    "expiration": "2025-05-09T11:54:14.962"
  }
},
{
  "model": "captcha.captchastore",
  "pk": 190,
  "fields": {
    "challenge": "CJIT",
    "response": "cjit",
    "hashkey": "278e3ac6d65960426286f0204b0e7d4bf13827f2",
    "expiration": "2025-05-09T11:56:21.186"
  }
},
{
  "model": "captcha.captchastore",
  "pk": 191,
  "fields": {
    "challenge": "CYXA",
    "response": "cyxa",
    "hashkey": "da294dfef255f0c767cca2b87cc975d4ad35b2e6",
    "expiration": "2025-05-09T12:09:29.212"
  }
},
{
  "model": "captcha.captchastore",
  "pk": 192,
  "fields": {
    "challenge": "LTOI",
    "response": "ltoi",
    "hashkey": "d5f14980eb1e6ae5b8c06f24656e367ba12deb9a",
    "expiration": "2025-05-09T13:06:52.753"
  }
},
{
  "model": "captcha.captchastore",
  "pk": 193,
  "fields": {
    "challenge": "MLFJ",
    "response": "mlfj",
    "hashkey": "7cd96a97dd25ef4d187a8db8504df84679b8f25f",
    "expiration": "2025-05-09T13:06:54.282"
  }
},
{
  "model": "captcha.captchastore",
  "pk": 194,
  "fields": {
    "challenge": "ACFP",
    "response": "acfp",
    "hashkey": "729ac4573bb0bbf57ff6f88e6ba7ef34c140dfdc",
    "expiration": "2025-05-09T15:20:43.582"
  }
},
{
  "model": "captcha.captchastore",
  "pk": 195,
  "fields": {
    "challenge": "MVQI",
    "response": "mvqi",
    "hashkey": "a8fe3048716938688fc8956656d8df90955b81fe",
    "expiration": "2025-05-09T15:21:47.941"
  }
},
{
  "model": "captcha.captchastore",
  "pk": 196,
  "fields": {
    "challenge": "VVZZ",
    "response": "vvzz",
    "hashkey": "356902873bb344c4e52b23291407613ec5f54f67",
    "expiration": "2025-05-09T15:22:00.549"
  }
},
{
  "model": "captcha.captchastore",
  "pk": 197,
  "fields": {
    "challenge": "RJWG",
    "response": "rjwg",
    "hashkey": "8b189d24990b46c6a38faa0b9e091831aa21b385",
    "expiration": "2025-05-09T15:22:49.469"
  }
},
{
  "model": "captcha.captchastore",
  "pk": 198,
  "fields": {
    "challenge": "YLCK",
    "response": "ylck",
    "hashkey": "316459b4cb080d83f7e3ca702ab763b231765559",
    "expiration": "2025-05-09T15:23:28.903"
  }
},
{
  "model": "captcha.captchastore",
  "pk": 199,
  "fields": {
    "challenge": "IGGC",
    "response": "iggc",
    "hashkey": "fb7085f40f30fae4c1e5989502b69a20d470aa9b",
    "expiration": "2025-05-09T15:23:30.362"
  }
},
{
  "model": "captcha.captchastore",
  "pk": 200,
  "fields": {
    "challenge": "EOMP",
    "response": "eomp",
    "hashkey": "70b8c525edb415082c84fd05d58c7accc1e59a0a",
    "expiration": "2025-05-09T15:23:31.629"
  }
},
{
  "model": "captcha.captchastore",
  "pk": 201,
  "fields": {
    "challenge": "YQWH",
    "response": "yqwh",
    "hashkey": "9fc1bed5c004f2ef6f6d5e8e438d788732072bbe",
    "expiration": "2025-05-09T15:23:33.038"
  }
},
{
  "model": "captcha.captchastore",
  "pk": 202,
  "fields": {
    "challenge": "TCMC",
    "response": "tcmc",
    "hashkey": "1cc3bb555627f9d464388af6819e910f353d0b5f",
    "expiration": "2025-05-09T15:23:34.995"
  }
},
{
  "model": "captcha.captchastore",
  "pk": 203,
  "fields": {
    "challenge": "GVXO",
    "response": "gvxo",
    "hashkey": "cc6de2079bcc42fa8d227f0f14bf41b2cacf7625",
    "expiration": "2025-05-09T15:23:41.405"
  }
},
{
  "model": "captcha.captchastore",
  "pk": 204,
  "fields": {
    "challenge": "GVGC",
    "response": "gvgc",
    "hashkey": "7775763f8655985af869f0d0173474bd1b59ebd6",
    "expiration": "2025-05-09T15:23:42.375"
  }
},
{
  "model": "captcha.captchastore",
  "pk": 205,
  "fields": {
    "challenge": "HEAI",
    "response": "heai",
    "hashkey": "b0cd8fe76bac821157e02b6b214d2007da45fa82",
    "expiration": "2025-05-09T15:38:56.893"
  }
},
{
  "model": "captcha.captchastore",
  "pk": 206,
  "fields": {
    "challenge": "EVIT",
    "response": "evit",
    "hashkey": "db14978202e3aa6f897d390f046217c03f1bbed8",
    "expiration": "2025-05-09T15:40:18.912"
  }
},
{
  "model": "captcha.captchastore",
  "pk": 207,
  "fields": {
    "challenge": "VVVZ",
    "response": "vvvz",
    "hashkey": "9dbc829407664560b3ab647a2e45383adee80f4d",
    "expiration": "2025-05-09T15:40:46.775"
  }
},
{
  "model": "captcha.captchastore",
  "pk": 208,
  "fields": {
    "challenge": "ZSFU",
    "response": "zsfu",
    "hashkey": "8ea094445d697dc9da67df1adc96d97fef4b9e30",
    "expiration": "2025-05-09T15:42:36.029"
  }
},
{
  "model": "captcha.captchastore",
  "pk": 209,
  "fields": {
    "challenge": "FBVS",
    "response": "fbvs",
    "hashkey": "45ef82ca4ea1c39bb3dd2a92b8d1c63f218285e4",
    "expiration": "2025-05-09T15:47:09.053"
  }
},
{
  "model": "captcha.captchastore",
  "pk": 210,
  "fields": {
    "challenge": "KLIB",
    "response": "klib",
    "hashkey": "5300415320d5d8cfd85877f043e70be17aa5c7d7",
    "expiration": "2025-05-09T17:04:13.415"
  }
},
{
  "model": "captcha.captchastore",
  "pk": 211,
  "fields": {
    "challenge": "BWNI",
    "response": "bwni",
    "hashkey": "af928b57859ac96e949cf16ef0eeef22b1de3f03",
    "expiration": "2025-05-09T17:04:35.178"
  }
},
{
  "model": "captcha.captchastore",
  "pk": 212,
  "fields": {
    "challenge": "URLB",
    "response": "urlb",
    "hashkey": "2bdbd6f9b5ba557669b83584963060a7c3a34547",
    "expiration": "2025-05-10T10:08:07.944"
  }
},
{
  "model": "captcha.captchastore",
  "pk": 213,
  "fields": {
    "challenge": "ACQO",
    "response": "acqo",
    "hashkey": "694a2c141859c04b187e77fca1e9c9db0b102810",
    "expiration": "2025-05-10T10:09:42.674"
  }
},
{
  "model": "captcha.captchastore",
  "pk": 214,
  "fields": {
    "challenge": "TSUT",
    "response": "tsut",
    "hashkey": "282ead750c0d4b048a2417957703b450066218eb",
    "expiration": "2025-05-10T10:09:58.420"
  }
},
{
  "model": "captcha.captchastore",
  "pk": 215,
  "fields": {
    "challenge": "IPZR",
    "response": "ipzr",
    "hashkey": "bbabc9feb5ca5874e4c043500888236f97500e39",
    "expiration": "2025-05-10T10:10:46.382"
  }
},
{
  "model": "captcha.captchastore",
  "pk": 216,
  "fields": {
    "challenge": "CXHJ",
    "response": "cxhj",
    "hashkey": "d45b886ebe31254d189103febed3d7678d2e9f0d",
    "expiration": "2025-05-10T10:11:18.699"
  }
},
{
  "model": "captcha.captchastore",
  "pk": 217,
  "fields": {
    "challenge": "SWZK",
    "response": "swzk",
    "hashkey": "04234faf6c03d783c57161b2680f2a0d74f40359",
    "expiration": "2025-05-10T10:11:54.219"
  }
},
{
  "model": "captcha.captchastore",
  "pk": 218,
  "fields": {
    "challenge": "THCA",
    "response": "thca",
    "hashkey": "6361193c3671b99197d6221bd16e1fc7bd899e4e",
    "expiration": "2025-05-10T10:12:42.401"
  }
},
{
  "model": "captcha.captchastore",
  "pk": 219,
  "fields": {
    "challenge": "SDJM",
    "response": "sdjm",
    "hashkey": "f5e495ee798bf29511451341d857d9c03a2a9477",
    "expiration": "2025-05-10T10:13:09.646"
  }
},
{
  "model": "captcha.captchastore",
  "pk": 220,
  "fields": {
    "challenge": "RBJD",
    "response": "rbjd",
    "hashkey": "2cc1e20c0009875dd6d75a3c59e7d475f97c5a08",
    "expiration": "2025-05-10T10:13:36.990"
  }
},
{
  "model": "captcha.captchastore",
  "pk": 221,
  "fields": {
    "challenge": "UQEL",
    "response": "uqel",
    "hashkey": "f76935c6c3fe6eac0326ad5e6d1f2b45c9cf2cd9",
    "expiration": "2025-05-10T10:17:39.273"
  }
},
{
  "model": "captcha.captchastore",
  "pk": 222,
  "fields": {
    "challenge": "PYKP",
    "response": "pykp",
    "hashkey": "642d58ba17b21f80f71a0e7d783bc16643fc83ee",
    "expiration": "2025-05-10T10:20:10.931"
  }
},
{
  "model": "captcha.captchastore",
  "pk": 223,
  "fields": {
    "challenge": "QQAD",
    "response": "qqad",
    "hashkey": "5dcef8b2c1e636dc2f97b367fd33d6b0a43d001d",
    "expiration": "2025-05-10T10:22:48.136"
  }
},
{
  "model": "captcha.captchastore",
  "pk": 224,
  "fields": {
    "challenge": "FMKC",
    "response": "fmkc",
    "hashkey": "f63ca7fa443dbca8d53782633eafdba85074a1fc",
    "expiration": "2025-05-10T10:24:00.794"
  }
},
{
  "model": "captcha.captchastore",
  "pk": 225,
  "fields": {
    "challenge": "RSNJ",
    "response": "rsnj",
    "hashkey": "ed8824f97bdd356d7ca70423310c24822be42aa7",
    "expiration": "2025-05-10T10:24:31.261"
  }
},
{
  "model": "captcha.captchastore",
  "pk": 226,
  "fields": {
    "challenge": "FOHF",
    "response": "fohf",
    "hashkey": "209a7165c9c1ef607f94272df89d91320fdcfb63",
    "expiration": "2025-05-10T10:25:33.910"
  }
},
{
  "model": "captcha.captchastore",
  "pk": 227,
  "fields": {
    "challenge": "ODXI",
    "response": "odxi",
    "hashkey": "c6fe158f5793c3d06e6ff66f72eb643df144ccb7",
    "expiration": "2025-05-10T10:33:27.275"
  }
},
{
  "model": "captcha.captchastore",
  "pk": 228,
  "fields": {
    "challenge": "TZNV",
    "response": "tznv",
    "hashkey": "0d88760f06c3c461c79f198cead952a21c5951b0",
    "expiration": "2025-05-10T10:37:11.150"
  }
},
{
  "model": "captcha.captchastore",
  "pk": 229,
  "fields": {
    "challenge": "PLFE",
    "response": "plfe",
    "hashkey": "8d003991961f34e46baed1dac1a9ac361c9a8ad6",
    "expiration": "2025-05-10T10:37:52.628"
  }
},
{
  "model": "captcha.captchastore",
  "pk": 230,
  "fields": {
    "challenge": "QSHQ",
    "response": "qshq",
    "hashkey": "6a864ec4eaba93a8121ed3a2f52a27b17356c683",
    "expiration": "2025-05-10T10:38:13.610"
  }
},
{
  "model": "captcha.captchastore",
  "pk": 231,
  "fields": {
    "challenge": "TFWO",
    "response": "tfwo",
    "hashkey": "013748aaf43787a27972a392be20c5c0f7320423",
    "expiration": "2025-05-10T10:38:42.548"
  }
},
{
  "model": "captcha.captchastore",
  "pk": 232,
  "fields": {
    "challenge": "RIXS",
    "response": "rixs",
    "hashkey": "74c392afb4e3ac7fa834a21a9a8be3b4be4517a0",
    "expiration": "2025-05-10T10:39:29.668"
  }
},
{
  "model": "captcha.captchastore",
  "pk": 233,
  "fields": {
    "challenge": "MUSO",
    "response": "muso",
    "hashkey": "f8528c5c4b3d723dacd51eb74d5561a6f9ace139",
    "expiration": "2025-05-10T10:40:06.529"
  }
},
{
  "model": "captcha.captchastore",
  "pk": 234,
  "fields": {
    "challenge": "UMRK",
    "response": "umrk",
    "hashkey": "067c2510684563024fa17688a60bed27a7280b9f",
    "expiration": "2025-05-10T10:41:16.979"
  }
},
{
  "model": "captcha.captchastore",
  "pk": 235,
  "fields": {
    "challenge": "TDXV",
    "response": "tdxv",
    "hashkey": "fa93d582db8663d97c4d5aa34da4f82e5d2534da",
    "expiration": "2025-05-10T10:41:41.760"
  }
},
{
  "model": "captcha.captchastore",
  "pk": 236,
  "fields": {
    "challenge": "GDKC",
    "response": "gdkc",
    "hashkey": "d261a1b9ba6f37007636bfd2a2e6f5c18b91a73e",
    "expiration": "2025-05-10T10:42:01.598"
  }
},
{
  "model": "captcha.captchastore",
  "pk": 237,
  "fields": {
    "challenge": "JDHF",
    "response": "jdhf",
    "hashkey": "3cbbe03eba5bce10d8c11db9b0cb9c8150bf2d9d",
    "expiration": "2025-05-10T10:47:21.196"
  }
},
{
  "model": "captcha.captchastore",
  "pk": 238,
  "fields": {
    "challenge": "LYXT",
    "response": "lyxt",
    "hashkey": "3166063d91aea5607a63618538bf2252ec820ae1",
    "expiration": "2025-05-10T10:47:39.553"
  }
},
{
  "model": "captcha.captchastore",
  "pk": 239,
  "fields": {
    "challenge": "XEHI",
    "response": "xehi",
    "hashkey": "f093369b11c4ec4ec96f2ff8be8069ff1a379cde",
    "expiration": "2025-05-10T10:47:50.360"
  }
},
{
  "model": "captcha.captchastore",
  "pk": 240,
  "fields": {
    "challenge": "QYXS",
    "response": "qyxs",
    "hashkey": "357d39f70300efc91360aa687e4e0dfe4a716e22",
    "expiration": "2025-05-10T10:48:11.222"
  }
},
{
  "model": "captcha.captchastore",
  "pk": 241,
  "fields": {
    "challenge": "WXRT",
    "response": "wxrt",
    "hashkey": "d1a39f8edb44772bfb27a5f0a360b09a009a99d4",
    "expiration": "2025-05-10T10:48:36.654"
  }
},
{
  "model": "captcha.captchastore",
  "pk": 242,
  "fields": {
    "challenge": "GLMW",
    "response": "glmw",
    "hashkey": "2f4003d60c9f4a0ead103b8ef032da42da520d9f",
    "expiration": "2025-05-10T10:52:51.242"
  }
},
{
  "model": "captcha.captchastore",
  "pk": 243,
  "fields": {
    "challenge": "EKEQ",
    "response": "ekeq",
    "hashkey": "3676a0a53f912c2e3b7dbefb29022a29d9bceff3",
    "expiration": "2025-05-10T10:53:01.876"
  }
},
{
  "model": "captcha.captchastore",
  "pk": 244,
  "fields": {
    "challenge": "YMDJ",
    "response": "ymdj",
    "hashkey": "c80d6cbe96e74269ad6257854c9cfca4af0b7d76",
    "expiration": "2025-05-10T10:54:01.957"
  }
},
{
  "model": "captcha.captchastore",
  "pk": 245,
  "fields": {
    "challenge": "ERBQ",
    "response": "erbq",
    "hashkey": "199c15a45c9eef3a6c6bc87773e87d117e9cff09",
    "expiration": "2025-05-10T10:54:15.308"
  }
},
{
  "model": "captcha.captchastore",
  "pk": 246,
  "fields": {
    "challenge": "OZYP",
    "response": "ozyp",
    "hashkey": "31140410534b70c1e90243ddda905e11c11298d8",
    "expiration": "2025-05-10T10:54:21.305"
  }
},
{
  "model": "captcha.captchastore",
  "pk": 247,
  "fields": {
    "challenge": "NCWR",
    "response": "ncwr",
    "hashkey": "e2c9cc03c4f097b384d518b81fc42453e020f8a8",
    "expiration": "2025-05-10T11:05:53.940"
  }
},
{
  "model": "captcha.captchastore",
  "pk": 248,
  "fields": {
    "challenge": "MEGJ",
    "response": "megj",
    "hashkey": "869de8f698899fa28d5f2eb7a15e18be9b3b7cde",
    "expiration": "2025-05-10T11:14:02.168"
  }
},
{
  "model": "captcha.captchastore",
  "pk": 249,
  "fields": {
    "challenge": "OGDU",
    "response": "ogdu",
    "hashkey": "20d69caa1ed165a982fbfb44e7194253b857bd30",
    "expiration": "2025-05-10T11:15:53.740"
  }
},
{
  "model": "captcha.captchastore",
  "pk": 250,
  "fields": {
    "challenge": "OVZQ",
    "response": "ovzq",
    "hashkey": "c1f750819052b0ed2aec0a59998709566995c16c",
    "expiration": "2025-05-10T11:19:02.369"
  }
},
{
  "model": "captcha.captchastore",
  "pk": 251,
  "fields": {
    "challenge": "XYBG",
    "response": "xybg",
    "hashkey": "1b4913d7e25d8c72574c522aeb04cf29cb2aa220",
    "expiration": "2025-05-10T11:19:16.221"
  }
},
{
  "model": "captcha.captchastore",
  "pk": 252,
  "fields": {
    "challenge": "SHJJ",
    "response": "shjj",
    "hashkey": "e683202026adce036475b7e496c4a989b2e49a4f",
    "expiration": "2025-05-10T11:25:17.682"
  }
},
{
  "model": "captcha.captchastore",
  "pk": 253,
  "fields": {
    "challenge": "IWXD",
    "response": "iwxd",
    "hashkey": "e25a5abe50c0a9240f2bff1656c2184329509b75",
    "expiration": "2025-05-10T11:26:48.306"
  }
},
{
  "model": "captcha.captchastore",
  "pk": 254,
  "fields": {
    "challenge": "LMJI",
    "response": "lmji",
    "hashkey": "f44a2d9154ee8e76e014a6c8637b6c5b1381e88c",
    "expiration": "2025-05-10T11:31:58.366"
  }
},
{
  "model": "captcha.captchastore",
  "pk": 255,
  "fields": {
    "challenge": "UKEV",
    "response": "ukev",
    "hashkey": "854684e2b0372d2bc294c83bcb4dccf9e6119d4a",
    "expiration": "2025-05-10T11:32:02.673"
  }
},
{
  "model": "captcha.captchastore",
  "pk": 256,
  "fields": {
    "challenge": "OILQ",
    "response": "oilq",
    "hashkey": "4140ef4fc74a981620252ce33dd8e16f4f1b51e3",
    "expiration": "2025-05-10T11:32:16.977"
  }
},
{
  "model": "captcha.captchastore",
  "pk": 257,
  "fields": {
    "challenge": "UUQP",
    "response": "uuqp",
    "hashkey": "19be553013b9370d6c931f3a95c068ae12fcdaca",
    "expiration": "2025-05-10T11:39:30.579"
  }
},
{
  "model": "captcha.captchastore",
  "pk": 258,
  "fields": {
    "challenge": "HBDG",
    "response": "hbdg",
    "hashkey": "b485bf152d53a98e6613b16958775df69047e523",
    "expiration": "2025-05-10T11:42:29.932"
  }
},
{
  "model": "captcha.captchastore",
  "pk": 259,
  "fields": {
    "challenge": "IKZF",
    "response": "ikzf",
    "hashkey": "26edb9f8b463d18faa372a9df0f6fc2175a39758",
    "expiration": "2025-05-10T11:43:52.796"
  }
},
{
  "model": "captcha.captchastore",
  "pk": 260,
  "fields": {
    "challenge": "HZIX",
    "response": "hzix",
    "hashkey": "227dc062ff256796d0dc9b720bab139eb8f16899",
    "expiration": "2025-05-10T11:44:05.019"
  }
},
{
  "model": "django_celery_beat.intervalschedule",
  "pk": 1,
  "fields": {
    "every": 5,
    "period": "seconds"
  }
},
{
  "model": "django_celery_beat.periodictasks",
  "pk": 1,
  "fields": {
    "last_update": "2025-06-03T08:43:09.967"
  }
},
{
  "model": "django_celery_beat.periodictask",
  "pk": 1,
  "fields": {
    "name": "vpn日志",
    "task": "vpn.tasks.monitor_vpn_task",
    "interval": 1,
    "crontab": null,
    "solar": null,
    "clocked": null,
    "args": "[]",
    "kwargs": "{}",
    "queue": null,
    "exchange": null,
    "routing_key": null,
    "headers": "{}",
    "priority": null,
    "expires": null,
    "expire_seconds": null,
    "one_off": false,
    "start_time": null,
    "enabled": true,
    "last_run_at": null,
    "total_run_count": 0,
    "date_changed": "2025-06-03T08:43:09.966",
    "description": ""
  }
},
{
  "model": "user.department",
  "pk": 1,
  "fields": {
    "name": "总裁",
    "code": "leader",
    "parent": null,
    "status": true,
    "sort": 0,
    "create_time": "2025-04-17T17:40:34.850"
  }
},
{
  "model": "user.department",
  "pk": 2,
  "fields": {
    "name": "研发",
    "code": "research",
    "parent": 1,
    "status": true,
    "sort": 4,
    "create_time": "2025-04-17T17:40:47.347"
  }
},
{
  "model": "user.department",
  "pk": 3,
  "fields": {
    "name": "人事",
    "code": "hr",
    "parent": 1,
    "status": true,
    "sort": 3,
    "create_time": "2025-04-17T17:40:56.875"
  }
},
{
  "model": "user.department",
  "pk": 4,
  "fields": {
    "name": "财务",
    "code": "finance",
    "parent": 1,
    "status": true,
    "sort": 2,
    "create_time": "2025-04-24T10:13:42.622"
  }
},
{
  "model": "user.department",
  "pk": 6,
  "fields": {
    "name": "运营",
    "code": "business-service",
    "parent": 1,
    "status": true,
    "sort": 7,
    "create_time": "2025-04-24T13:13:16.862"
  }
},
{
  "model": "user.department",
  "pk": 7,
  "fields": {
    "name": "销售",
    "code": "sales-service",
    "parent": 6,
    "status": true,
    "sort": 7,
    "create_time": "2025-04-24T13:15:06.095"
  }
},
{
  "model": "user.department",
  "pk": 8,
  "fields": {
    "name": "保洁",
    "code": "cleaning-service",
    "parent": 3,
    "status": true,
    "sort": 8,
    "create_time": "2025-04-24T13:16:51.046"
  }
},
{
  "model": "user.department",
  "pk": 9,
  "fields": {
    "name": "安保",
    "code": "security-service",
    "parent": 3,
    "status": true,
    "sort": 9,
    "create_time": "2025-04-24T13:17:18.801"
  }
},
{
  "model": "user.department",
  "pk": 10,
  "fields": {
    "name": "客服",
    "code": "custom-service",
    "parent": 3,
    "status": true,
    "sort": 10,
    "create_time": "2025-04-24T13:18:52.234"
  }
},
{
  "model": "user.department",
  "pk": 12,
  "fields": {
    "name": "生产制造",
    "code": "manufacture",
    "parent": 6,
    "status": true,
    "sort": 0,
    "create_time": "2025-04-25T11:36:52.955"
  }
},
{
  "model": "user.role",
  "pk": 1,
  "fields": {
    "name": "超级管理员",
    "code": "system",
    "status": true,
    "sort": 1,
    "create_time": "2025-04-17T17:41:31.387",
    "menus": []
  }
},
{
  "model": "user.role",
  "pk": 2,
  "fields": {
    "name": "管理员",
    "code": "admin",
    "status": true,
    "sort": 2,
    "create_time": "2025-04-17T17:41:40.870",
    "menus": [
      1,
      2,
      3,
      4,
      5,
      6,
      7,
      8,
      15,
      28,
      31,
      36,
      37,
      41,
      42,
      43,
      44,
      45,
      46,
      47,
      48,
      49,
      50,
      51,
      52,
      53,
      54,
      55,
      57,
      60,
      61,
      62,
      63,
      67
    ]
  }
},
{
  "model": "user.role",
  "pk": 3,
  "fields": {
    "name": "普通用户",
    "code": "user",
    "status": true,
    "sort": 3,
    "create_time": "2025-04-17T17:41:50.627",
    "menus": [
      1,
      2,
      3,
      41,
      42,
      43,
      44,
      45,
      46,
      48,
      50,
      51,
      52,
      53,
      63
    ]
  }
},
{
  "model": "user.menu",
  "pk": 1,
  "fields": {
    "name": "系统总览",
    "code": "analysis",
    "type": 0,
    "parent": null,
    "path": "/main/analysis",
    "component": null,
    "permission": null,
    "icon": "el-icon-monitor",
    "status": true,
    "sort": 1,
    "create_time": "2025-04-17T17:47:04.763"
  }
},
{
  "model": "user.menu",
  "pk": 2,
  "fields": {
    "name": "首页",
    "code": "overview",
    "type": 1,
    "parent": 1,
    "path": "/main/analysis/overview",
    "component": null,
    "permission": null,
    "icon": "el-icon-HomeFilled",
    "status": true,
    "sort": 2,
    "create_time": "2025-04-17T17:47:53.276"
  }
},
{
  "model": "user.menu",
  "pk": 3,
  "fields": {
    "name": "仪表盘",
    "code": "dashboard",
    "type": 1,
    "parent": 1,
    "path": "/main/analysis/dashboard",
    "component": null,
    "permission": null,
    "icon": "el-icon-PieChart",
    "status": true,
    "sort": 3,
    "create_time": "2025-04-17T17:48:44.269"
  }
},
{
  "model": "user.menu",
  "pk": 4,
  "fields": {
    "name": "系统管理",
    "code": "system",
    "type": 0,
    "parent": null,
    "path": "/main/system",
    "component": null,
    "permission": null,
    "icon": "el-icon-setting",
    "status": true,
    "sort": 4,
    "create_time": "2025-04-17T17:50:24.952"
  }
},
{
  "model": "user.menu",
  "pk": 5,
  "fields": {
    "name": "用户管理",
    "code": "user",
    "type": 1,
    "parent": 4,
    "path": "/main/system/user",
    "component": null,
    "permission": null,
    "icon": "el-icon-UserFilled",
    "status": true,
    "sort": 5,
    "create_time": "2025-04-17T17:51:14.268"
  }
},
{
  "model": "user.menu",
  "pk": 6,
  "fields": {
    "name": "部门管理",
    "code": "department",
    "type": 1,
    "parent": 4,
    "path": "/main/system/department",
    "component": null,
    "permission": null,
    "icon": "el-icon-Tools",
    "status": true,
    "sort": 6,
    "create_time": "2025-04-17T17:52:07.485"
  }
},
{
  "model": "user.menu",
  "pk": 7,
  "fields": {
    "name": "菜单管理",
    "code": "menu",
    "type": 1,
    "parent": 4,
    "path": "/main/system/menu",
    "component": null,
    "permission": null,
    "icon": "el-icon-Memo",
    "status": true,
    "sort": 7,
    "create_time": "2025-04-17T17:52:47.786"
  }
},
{
  "model": "user.menu",
  "pk": 8,
  "fields": {
    "name": "角色管理",
    "code": "role",
    "type": 1,
    "parent": 4,
    "path": "/main/system/role",
    "component": null,
    "permission": null,
    "icon": "el-icon-Avatar",
    "status": true,
    "sort": 8,
    "create_time": "2025-04-17T17:53:06.284"
  }
},
{
  "model": "user.menu",
  "pk": 9,
  "fields": {
    "name": "商品中心",
    "code": "product",
    "type": 0,
    "parent": null,
    "path": "/main/product",
    "component": null,
    "permission": null,
    "icon": "el-icon-ShoppingBag",
    "status": false,
    "sort": 9,
    "create_time": "2025-04-21T14:59:59.749"
  }
},
{
  "model": "user.menu",
  "pk": 10,
  "fields": {
    "name": "商品类别",
    "code": "category",
    "type": 1,
    "parent": 9,
    "path": "/main/product/category",
    "component": null,
    "permission": null,
    "icon": "el-icon-Coin",
    "status": true,
    "sort": 10,
    "create_time": "2025-04-21T15:23:17.445"
  }
},
{
  "model": "user.menu",
  "pk": 11,
  "fields": {
    "name": "商品信息",
    "code": "goods",
    "type": 1,
    "parent": 9,
    "path": "/main/product/goods",
    "component": null,
    "permission": null,
    "icon": "el-icon-ShoppingCart",
    "status": true,
    "sort": 11,
    "create_time": "2025-04-21T15:23:53.514"
  }
},
{
  "model": "user.menu",
  "pk": 12,
  "fields": {
    "name": "随便聊聊",
    "code": "story",
    "type": 0,
    "parent": null,
    "path": "/main/story",
    "component": null,
    "permission": null,
    "icon": "el-icon-ChatLineRound",
    "status": false,
    "sort": 12,
    "create_time": "2025-04-21T15:25:41.418"
  }
},
{
  "model": "user.menu",
  "pk": 13,
  "fields": {
    "name": "你的故事",
    "code": "chat",
    "type": 1,
    "parent": 12,
    "path": "/main/story/chat",
    "component": null,
    "permission": null,
    "icon": null,
    "status": true,
    "sort": 13,
    "create_time": "2025-04-21T15:26:12.375"
  }
},
{
  "model": "user.menu",
  "pk": 14,
  "fields": {
    "name": "故事列表",
    "code": "list",
    "type": 1,
    "parent": 12,
    "path": "/main/story/list",
    "component": null,
    "permission": null,
    "icon": null,
    "status": true,
    "sort": 14,
    "create_time": "2025-04-21T15:26:41.577"
  }
},
{
  "model": "user.menu",
  "pk": 15,
  "fields": {
    "name": "实例",
    "code": "example",
    "type": 0,
    "parent": null,
    "path": "/main/example",
    "component": null,
    "permission": null,
    "icon": "el-icon-ChatLineRound",
    "status": false,
    "sort": 15,
    "create_time": "2025-04-21T15:27:28.253"
  }
},
{
  "model": "user.menu",
  "pk": 16,
  "fields": {
    "name": "表格",
    "code": "table",
    "type": 1,
    "parent": 15,
    "path": "/main/example/table",
    "component": null,
    "permission": null,
    "icon": null,
    "status": true,
    "sort": 16,
    "create_time": "2025-04-21T15:28:02.862"
  }
},
{
  "model": "user.menu",
  "pk": 17,
  "fields": {
    "name": "树形控件",
    "code": "tree",
    "type": 1,
    "parent": 15,
    "path": "/main/example/tree",
    "component": null,
    "permission": null,
    "icon": null,
    "status": true,
    "sort": 17,
    "create_time": "2025-04-21T15:28:33.656"
  }
},
{
  "model": "user.menu",
  "pk": 25,
  "fields": {
    "name": "创建用户",
    "code": "user-create",
    "type": 2,
    "parent": 5,
    "path": null,
    "component": null,
    "permission": "system:users:create",
    "icon": null,
    "status": true,
    "sort": 0,
    "create_time": "2025-04-26T17:08:49.355"
  }
},
{
  "model": "user.menu",
  "pk": 26,
  "fields": {
    "name": "修改用户",
    "code": "user-update",
    "type": 2,
    "parent": 5,
    "path": null,
    "component": null,
    "permission": "system:users:update",
    "icon": null,
    "status": true,
    "sort": 0,
    "create_time": "2025-04-26T17:10:19.477"
  }
},
{
  "model": "user.menu",
  "pk": 27,
  "fields": {
    "name": "删除用户",
    "code": "user-delete",
    "type": 2,
    "parent": 5,
    "path": null,
    "component": null,
    "permission": "system:users:delete",
    "icon": null,
    "status": true,
    "sort": 0,
    "create_time": "2025-04-26T17:10:59.081"
  }
},
{
  "model": "user.menu",
  "pk": 28,
  "fields": {
    "name": "查询用户",
    "code": "users-query",
    "type": 2,
    "parent": 5,
    "path": null,
    "component": null,
    "permission": "system:users:query",
    "icon": null,
    "status": true,
    "sort": 0,
    "create_time": "2025-04-26T17:11:37.672"
  }
},
{
  "model": "user.menu",
  "pk": 29,
  "fields": {
    "name": "创建部门",
    "code": "departments-create",
    "type": 2,
    "parent": 6,
    "path": null,
    "component": null,
    "permission": "system:departments:create",
    "icon": null,
    "status": true,
    "sort": 0,
    "create_time": "2025-04-26T17:13:04.207"
  }
},
{
  "model": "user.menu",
  "pk": 30,
  "fields": {
    "name": "修改部门",
    "code": "departments-update",
    "type": 2,
    "parent": 6,
    "path": null,
    "component": null,
    "permission": "system:departments:update",
    "icon": null,
    "status": true,
    "sort": 0,
    "create_time": "2025-04-26T17:14:07.842"
  }
},
{
  "model": "user.menu",
  "pk": 31,
  "fields": {
    "name": "查询部门",
    "code": "departments-query",
    "type": 2,
    "parent": 6,
    "path": null,
    "component": null,
    "permission": "system:departments:query",
    "icon": null,
    "status": true,
    "sort": 0,
    "create_time": "2025-04-26T17:29:19.006"
  }
},
{
  "model": "user.menu",
  "pk": 32,
  "fields": {
    "name": "删除部门",
    "code": "departments-delete",
    "type": 2,
    "parent": 6,
    "path": null,
    "component": null,
    "permission": "system:departments:delete",
    "icon": null,
    "status": true,
    "sort": 0,
    "create_time": "2025-04-26T17:29:46.029"
  }
},
{
  "model": "user.menu",
  "pk": 33,
  "fields": {
    "name": "创建角色",
    "code": "roles-create",
    "type": 2,
    "parent": 8,
    "path": null,
    "component": null,
    "permission": "system:roles:create",
    "icon": null,
    "status": true,
    "sort": 0,
    "create_time": "2025-04-26T23:41:10.266"
  }
},
{
  "model": "user.menu",
  "pk": 34,
  "fields": {
    "name": "删除角色",
    "code": "roles-delete",
    "type": 2,
    "parent": 8,
    "path": null,
    "component": null,
    "permission": "system:roles:delete",
    "icon": null,
    "status": true,
    "sort": 0,
    "create_time": "2025-04-26T23:42:01.225"
  }
},
{
  "model": "user.menu",
  "pk": 35,
  "fields": {
    "name": "修改角色",
    "code": "roles-update",
    "type": 2,
    "parent": 8,
    "path": null,
    "component": null,
    "permission": "system:roles:update",
    "icon": null,
    "status": true,
    "sort": 0,
    "create_time": "2025-04-26T23:42:52.479"
  }
},
{
  "model": "user.menu",
  "pk": 36,
  "fields": {
    "name": "查询角色",
    "code": "roles-query",
    "type": 2,
    "parent": 8,
    "path": null,
    "component": null,
    "permission": "system:roles:query",
    "icon": null,
    "status": true,
    "sort": 0,
    "create_time": "2025-04-26T23:44:11.527"
  }
},
{
  "model": "user.menu",
  "pk": 37,
  "fields": {
    "name": "查询菜单",
    "code": "menus-query",
    "type": 2,
    "parent": 7,
    "path": null,
    "component": null,
    "permission": "system:menus:query",
    "icon": null,
    "status": true,
    "sort": 0,
    "create_time": "2025-04-28T17:56:33.591"
  }
},
{
  "model": "user.menu",
  "pk": 38,
  "fields": {
    "name": "删除菜单",
    "code": "menus-delete",
    "type": 2,
    "parent": 7,
    "path": null,
    "component": null,
    "permission": "system:menus:delete",
    "icon": null,
    "status": true,
    "sort": 0,
    "create_time": "2025-04-28T17:57:14.274"
  }
},
{
  "model": "user.menu",
  "pk": 39,
  "fields": {
    "name": "修改菜单",
    "code": "menus-update",
    "type": 2,
    "parent": 7,
    "path": null,
    "component": null,
    "permission": "system:menus:update",
    "icon": null,
    "status": true,
    "sort": 0,
    "create_time": "2025-04-28T17:57:51.609"
  }
},
{
  "model": "user.menu",
  "pk": 40,
  "fields": {
    "name": "创建菜单",
    "code": "menus-create",
    "type": 2,
    "parent": 7,
    "path": null,
    "component": null,
    "permission": "system:menus:create",
    "icon": null,
    "status": true,
    "sort": 0,
    "create_time": "2025-04-28T17:58:38.512"
  }
},
{
  "model": "user.menu",
  "pk": 41,
  "fields": {
    "name": "数据统计",
    "code": "statistics",
    "type": 1,
    "parent": 1,
    "path": "/main/analysis/statistics",
    "component": null,
    "permission": null,
    "icon": "el-icon-Histogram",
    "status": true,
    "sort": 4,
    "create_time": "2025-04-28T22:02:47.802"
  }
},
{
  "model": "user.menu",
  "pk": 42,
  "fields": {
    "name": "文件管理",
    "code": "files",
    "type": 0,
    "parent": null,
    "path": "/main/file",
    "component": null,
    "permission": null,
    "icon": "el-icon-files",
    "status": true,
    "sort": 18,
    "create_time": "2025-04-29T11:47:05.612"
  }
},
{
  "model": "user.menu",
  "pk": 43,
  "fields": {
    "name": "文件列表",
    "code": "filemanage",
    "type": 1,
    "parent": 42,
    "path": "/main/files/filemanage",
    "component": null,
    "permission": null,
    "icon": "el-icon-List",
    "status": true,
    "sort": 19,
    "create_time": "2025-04-29T12:06:15.316"
  }
},
{
  "model": "user.menu",
  "pk": 44,
  "fields": {
    "name": "大文件上传",
    "code": "bigfile",
    "type": 1,
    "parent": 42,
    "path": "/main/files/bigfile",
    "component": null,
    "permission": null,
    "icon": "el-icon-FolderOpened",
    "status": true,
    "sort": 20,
    "create_time": "2025-04-29T12:07:02.156"
  }
},
{
  "model": "user.menu",
  "pk": 45,
  "fields": {
    "name": "图片文件上传",
    "code": "imagefile",
    "type": 1,
    "parent": 42,
    "path": "/main/files/imagefile",
    "component": null,
    "permission": null,
    "icon": "el-icon-FolderOpened",
    "status": true,
    "sort": 21,
    "create_time": "2025-04-29T12:07:43.659"
  }
},
{
  "model": "user.menu",
  "pk": 46,
  "fields": {
    "name": "多图片上传",
    "code": "imagefilemulti",
    "type": 1,
    "parent": 42,
    "path": "/main/files/imagefilemulti",
    "component": null,
    "permission": null,
    "icon": "el-icon-FolderOpened",
    "status": true,
    "sort": 22,
    "create_time": "2025-04-29T12:08:33.049"
  }
},
{
  "model": "user.menu",
  "pk": 47,
  "fields": {
    "name": "创建文件",
    "code": "files-create",
    "type": 2,
    "parent": 43,
    "path": "",
    "component": null,
    "permission": "system:files:create",
    "icon": null,
    "status": true,
    "sort": 0,
    "create_time": "2025-04-30T11:54:21.549"
  }
},
{
  "model": "user.menu",
  "pk": 48,
  "fields": {
    "name": "查询文件",
    "code": "files-query",
    "type": 2,
    "parent": 43,
    "path": "",
    "component": null,
    "permission": "system:files:query",
    "icon": null,
    "status": true,
    "sort": 0,
    "create_time": "2025-04-30T11:55:22.689"
  }
},
{
  "model": "user.menu",
  "pk": 49,
  "fields": {
    "name": "修改文件",
    "code": "files-update",
    "type": 2,
    "parent": 43,
    "path": "",
    "component": null,
    "permission": "system:files:update",
    "icon": null,
    "status": true,
    "sort": 0,
    "create_time": "2025-04-30T13:48:16.821"
  }
},
{
  "model": "user.menu",
  "pk": 50,
  "fields": {
    "name": "删除文件",
    "code": "files-delete",
    "type": 2,
    "parent": 43,
    "path": "",
    "component": null,
    "permission": "system:files:delete",
    "icon": null,
    "status": true,
    "sort": 0,
    "create_time": "2025-04-30T13:54:34.330"
  }
},
{
  "model": "user.menu",
  "pk": 51,
  "fields": {
    "name": "个人资料",
    "code": "profile",
    "type": 1,
    "parent": 1,
    "path": "/main/analysis/profile",
    "component": null,
    "permission": null,
    "icon": "el-icon-user",
    "status": true,
    "sort": 6,
    "create_time": "2025-05-06T10:40:17.482"
  }
},
{
  "model": "user.menu",
  "pk": 52,
  "fields": {
    "name": "vpn管理",
    "code": "vpn",
    "type": 0,
    "parent": null,
    "path": "/main/system/vpn",
    "component": null,
    "permission": null,
    "icon": "el-icon-Menu",
    "status": true,
    "sort": 22,
    "create_time": "2025-05-27T09:43:06.119"
  }
},
{
  "model": "user.menu",
  "pk": 53,
  "fields": {
    "name": "账号管理",
    "code": "vpn-account",
    "type": 1,
    "parent": 52,
    "path": "/main/system/vpn/account",
    "component": null,
    "permission": null,
    "icon": "el-icon-UserFilled",
    "status": true,
    "sort": 23,
    "create_time": "2025-05-27T09:46:48.890"
  }
},
{
  "model": "user.menu",
  "pk": 54,
  "fields": {
    "name": "区域管理",
    "code": "vpn-region",
    "type": 1,
    "parent": 52,
    "path": "/main/system/vpn/region",
    "component": null,
    "permission": null,
    "icon": "el-icon-LocationInformation",
    "status": true,
    "sort": 25,
    "create_time": "2025-05-27T09:48:38.154"
  }
},
{
  "model": "user.menu",
  "pk": 55,
  "fields": {
    "name": "设备管理",
    "code": "vpn-device",
    "type": 1,
    "parent": 52,
    "path": "/main/system/vpn/device",
    "component": null,
    "permission": null,
    "icon": "el-icon-Management",
    "status": true,
    "sort": 23,
    "create_time": "2025-05-27T09:49:19.674"
  }
},
{
  "model": "user.menu",
  "pk": 56,
  "fields": {
    "name": "创建设备",
    "code": "vpndevices-create",
    "type": 2,
    "parent": 55,
    "path": null,
    "component": null,
    "permission": "vpn:vpndevices:create",
    "icon": null,
    "status": true,
    "sort": 0,
    "create_time": "2025-05-27T17:46:03.184"
  }
},
{
  "model": "user.menu",
  "pk": 57,
  "fields": {
    "name": "查询设备",
    "code": "vpndevices-query",
    "type": 2,
    "parent": 55,
    "path": null,
    "component": null,
    "permission": "vpn:vpndevices:query",
    "icon": null,
    "status": true,
    "sort": 0,
    "create_time": "2025-05-27T17:47:16.558"
  }
},
{
  "model": "user.menu",
  "pk": 58,
  "fields": {
    "name": "修改设备",
    "code": "vpndevices-update",
    "type": 2,
    "parent": 55,
    "path": null,
    "component": null,
    "permission": "vpn:vpndevices:update",
    "icon": null,
    "status": true,
    "sort": 0,
    "create_time": "2025-05-27T17:48:38.450"
  }
},
{
  "model": "user.menu",
  "pk": 59,
  "fields": {
    "name": "删除设备",
    "code": "vpndevices-delete",
    "type": 2,
    "parent": 55,
    "path": null,
    "component": null,
    "permission": "vpn:vpndevices:delete",
    "icon": null,
    "status": true,
    "sort": 0,
    "create_time": "2025-05-27T17:49:16.360"
  }
},
{
  "model": "user.menu",
  "pk": 60,
  "fields": {
    "name": "创建账号",
    "code": "vpnaccounts-create",
    "type": 2,
    "parent": 53,
    "path": "",
    "component": null,
    "permission": "vpn:vpnaccounts:create",
    "icon": null,
    "status": true,
    "sort": 0,
    "create_time": "2025-05-28T08:56:41.939"
  }
},
{
  "model": "user.menu",
  "pk": 61,
  "fields": {
    "name": "删除账号",
    "code": "vpnaccounts-delete",
    "type": 2,
    "parent": 53,
    "path": "",
    "component": null,
    "permission": "vpn:vpnaccounts:delete",
    "icon": null,
    "status": true,
    "sort": 0,
    "create_time": "2025-05-28T08:58:00.873"
  }
},
{
  "model": "user.menu",
  "pk": 62,
  "fields": {
    "name": "修改账号",
    "code": "vpnaccounts-update",
    "type": 2,
    "parent": 53,
    "path": "",
    "component": null,
    "permission": "vpn:vpnaccounts:update",
    "icon": null,
    "status": true,
    "sort": 0,
    "create_time": "2025-05-28T08:58:47.123"
  }
},
{
  "model": "user.menu",
  "pk": 63,
  "fields": {
    "name": "查询账号",
    "code": "vpnaccounts-query",
    "type": 2,
    "parent": 53,
    "path": "",
    "component": null,
    "permission": "vpn:vpnaccounts:query",
    "icon": null,
    "status": true,
    "sort": 0,
    "create_time": "2025-05-28T08:59:40.785"
  }
},
{
  "model": "user.menu",
  "pk": 64,
  "fields": {
    "name": "创建区域",
    "code": "vpnregions-create",
    "type": 2,
    "parent": 54,
    "path": "",
    "component": null,
    "permission": "vpn:vpnregions:create",
    "icon": null,
    "status": true,
    "sort": 0,
    "create_time": "2025-05-28T09:03:29.853"
  }
},
{
  "model": "user.menu",
  "pk": 65,
  "fields": {
    "name": "删除区域",
    "code": "vpnregions-delete",
    "type": 2,
    "parent": 54,
    "path": "",
    "component": null,
    "permission": "vpn:vpnregions:delete",
    "icon": null,
    "status": true,
    "sort": 0,
    "create_time": "2025-05-28T09:03:59.049"
  }
},
{
  "model": "user.menu",
  "pk": 66,
  "fields": {
    "name": "修改区域",
    "code": "vpnregions-update",
    "type": 2,
    "parent": 54,
    "path": "",
    "component": null,
    "permission": "vpn:vpnregions:update",
    "icon": null,
    "status": true,
    "sort": 0,
    "create_time": "2025-05-28T09:04:24.122"
  }
},
{
  "model": "user.menu",
  "pk": 67,
  "fields": {
    "name": "查询区域",
    "code": "vpnregions-query",
    "type": 2,
    "parent": 54,
    "path": "",
    "component": null,
    "permission": "vpn:vpnregions:query",
    "icon": null,
    "status": true,
    "sort": 0,
    "create_time": "2025-05-28T09:04:49.347"
  }
},
{
  "model": "user.menu",
  "pk": 68,
  "fields": {
    "name": "复制账号",
    "code": "vpnaccounts-copy",
    "type": 2,
    "parent": 53,
    "path": null,
    "component": null,
    "permission": "vpn:vpnaccounts:copy",
    "icon": null,
    "status": true,
    "sort": 0,
    "create_time": "2025-05-30T10:21:20.109"
  }
},
{
  "model": "user.menu",
  "pk": 70,
  "fields": {
    "name": "监视器",
    "code": "vpn-monitor",
    "type": 1,
    "parent": 52,
    "path": "/main/system/vpn/monitor",
    "component": null,
    "permission": null,
    "icon": "el-icon-Monitor",
    "status": true,
    "sort": 26,
    "create_time": "2025-05-30T16:09:29.083"
  }
},
{
  "model": "user.menu",
  "pk": 71,
  "fields": {
    "name": "查询监视器",
    "code": "vpnmonitors-query",
    "type": 2,
    "parent": 70,
    "path": "",
    "component": null,
    "permission": "vpn:vpnmonitors:query",
    "icon": null,
    "status": true,
    "sort": 0,
    "create_time": "2025-05-30T16:16:57.993"
  }
},
{
  "model": "user.menu",
  "pk": 72,
  "fields": {
    "name": "编辑监视器",
    "code": "vpnmonitors-update",
    "type": 2,
    "parent": 70,
    "path": "",
    "component": null,
    "permission": "vpn:vpnmonitors:update",
    "icon": null,
    "status": false,
    "sort": 0,
    "create_time": "2025-05-30T18:05:10.530"
  }
},
{
  "model": "user.menu",
  "pk": 73,
  "fields": {
    "name": "删除",
    "code": "vpnmonitors-delete",
    "type": 2,
    "parent": 70,
    "path": "",
    "component": null,
    "permission": "vpn:vpnmonitors:delete",
    "icon": null,
    "status": false,
    "sort": 0,
    "create_time": "2025-05-30T18:35:15.874"
  }
},
{
  "model": "user.user",
  "pk": 1,
  "fields": {
    "password": "pbkdf2_sha256$600000$GWYinXcczRDY1bom43m1AK$uJ6uRobTPe06KynKX2jRiHZXwrZm+5+7mq32DUjdGFI=",
    "last_login": "2025-06-04T12:50:48.768",
    "first_name": "",
    "last_name": "",
    "date_joined": "2025-04-17T16:51:00",
    "username": "root",
    "real_name": "大王808",
    "avatar": "avatars/user_1/297a0d60-cac1-4482-85aa-871e5c73e6b5.png",
    "gender": 1,
    "email": "ole211@qq.com",
    "mobile": "18668183817",
    "department": 1,
    "is_active": true,
    "is_superuser": true,
    "is_staff": true,
    "require_captcha": false,
    "last_login_time": "2025-06-01T00:04:50.536",
    "create_time": "2025-04-17T16:51:06.259",
    "groups": [],
    "user_permissions": [],
    "roles": [
      1
    ]
  }
},
{
  "model": "user.user",
  "pk": 4,
  "fields": {
    "password": "pbkdf2_sha256$600000$oe9k2DUNO9oO9gjIuFaKBu$C8itRjowyfVDS+8SzW8et/JFU6ejN3t68YBcqejnQGo=",
    "last_login": "2025-05-29T17:28:31.638",
    "first_name": "",
    "last_name": "",
    "date_joined": "2025-05-23T15:17:44.767",
    "username": "test002",
    "real_name": "大强",
    "avatar": null,
    "gender": 1,
    "email": "694542251@qq.com",
    "mobile": "17668183817",
    "department": 3,
    "is_active": true,
    "is_superuser": false,
    "is_staff": false,
    "require_captcha": false,
    "last_login_time": null,
    "create_time": "2025-05-23T15:17:44.768",
    "groups": [],
    "user_permissions": [],
    "roles": [
      3
    ]
  }
},
{
  "model": "user.user",
  "pk": 11,
  "fields": {
    "password": "pbkdf2_sha256$600000$sw2eSKzVs4eGMqAnWHGEa3$i0eZ9NZtZTcdiDWvrzNz0MUH2lmJzDhjcd8gL4VpiJ8=",
    "last_login": null,
    "first_name": "",
    "last_name": "",
    "date_joined": "2025-05-23T18:02:39.696",
    "username": "594542251@qq.com",
    "real_name": "大勇",
    "avatar": null,
    "gender": 0,
    "email": "594542251@qq.com",
    "mobile": "15668183817",
    "department": 10,
    "is_active": true,
    "is_superuser": false,
    "is_staff": false,
    "require_captcha": false,
    "last_login_time": null,
    "create_time": "2025-05-23T18:02:39.696",
    "groups": [],
    "user_permissions": [],
    "roles": [
      3
    ]
  }
},
{
  "model": "user.user",
  "pk": 15,
  "fields": {
    "password": "pbkdf2_sha256$600000$Khk7PGj0ixV158sJ9lMo1g$bqqi0+VeR/ZzCMsX4Nltao2Uy0yCk71l2GH2y9x1SRY=",
    "last_login": "2025-05-29T17:57:27.529",
    "first_name": "",
    "last_name": "",
    "date_joined": "2025-05-29T11:49:11.506",
    "username": "admin",
    "real_name": "大熊",
    "avatar": null,
    "gender": 1,
    "email": null,
    "mobile": "13693693693",
    "department": 9,
    "is_active": true,
    "is_superuser": false,
    "is_staff": true,
    "require_captcha": false,
    "last_login_time": "2025-05-29T17:50:37.987",
    "create_time": "2025-05-29T11:49:11.506",
    "groups": [],
    "user_permissions": [],
    "roles": [
      2
    ]
  }
},
{
  "model": "user.user",
  "pk": 17,
  "fields": {
    "password": "pbkdf2_sha256$600000$Sfd4YxbrBVejBHChnj7yA1$stcYUJ9od3CVj+Q8uYiXoxsYqFif+B2COgGQcV8eluY=",
    "last_login": "2025-05-29T18:16:00.543",
    "first_name": "",
    "last_name": "",
    "date_joined": "2025-05-29T18:12:08.059",
    "username": "test004",
    "real_name": "小花",
    "avatar": null,
    "gender": 2,
    "email": null,
    "mobile": "15693683695",
    "department": 6,
    "is_active": true,
    "is_superuser": false,
    "is_staff": false,
    "require_captcha": false,
    "last_login_time": "2025-05-29T18:14:52.640",
    "create_time": "2025-05-29T18:12:08.059",
    "groups": [],
    "user_permissions": [],
    "roles": [
      3
    ]
  }
},
{
  "model": "user.product",
  "pk": 1,
  "fields": {
    "name": "文具",
    "code": "wenju",
    "price": "60.00",
    "cost": "50.00",
    "stock": 5000,
    "description": "文具",
    "status": 1,
    "sort": 1,
    "create_time": "2025-04-28T09:52:10.528",
    "update_time": "2025-04-28T09:52:10.528"
  }
},
{
  "model": "user.product",
  "pk": 2,
  "fields": {
    "name": "笔记本",
    "code": "bjb",
    "price": "2000.00",
    "cost": "1500.00",
    "stock": 4000,
    "description": "",
    "status": 1,
    "sort": 2,
    "create_time": "2025-04-28T09:53:00.736",
    "update_time": "2025-04-28T09:53:00.736"
  }
},
{
  "model": "user.profile",
  "pk": 1,
  "fields": {
    "user": 1,
    "avatar": "avatars/user_1/297a0d60-cac1-4482-85aa-871e5c73e6b5 (3).png",
    "bio": "",
    "location": "",
    "birth_date": null
  }
},
{
  "model": "user.profile",
  "pk": 13,
  "fields": {
    "user": 4,
    "avatar": "",
    "bio": "",
    "location": "",
    "birth_date": null
  }
},
{
  "model": "user.profile",
  "pk": 20,
  "fields": {
    "user": 11,
    "avatar": "avatars/user_11/761d84e6963540d6b86681c152399e6c.jpg",
    "bio": "",
    "location": "",
    "birth_date": null
  }
},
{
  "model": "user.profile",
  "pk": 24,
  "fields": {
    "user": 15,
    "avatar": "avatars/user_15/761d84e6963540d6b86681c152399e6c.jpg",
    "bio": "",
    "location": "",
    "birth_date": null
  }
},
{
  "model": "user.profile",
  "pk": 26,
  "fields": {
    "user": 17,
    "avatar": "",
    "bio": "",
    "location": "",
    "birth_date": null
  }
},
{
  "model": "file.uploadedfile",
  "pk": 39,
  "fields": {
    "upload_id": "73abd387e94eb3532f97ed835e5738bc",
    "file_md5": "73abd387e94eb3532f97ed835e5738bc",
    "filename": "e6570c4f-a432-41e6-9fea-8748dcae4100.png",
    "ext": "png",
    "total_chunks": 0,
    "uploaded_chunks": 0,
    "file": "uploads/73abd387e94eb3532f97ed835e5738bc.png",
    "file_size": 32931,
    "create_time": "2025-04-30T17:28:31.934",
    "update_time": "2025-04-30T17:28:32.415",
    "completed": true
  }
},
{
  "model": "file.uploadedfile",
  "pk": 40,
  "fields": {
    "upload_id": "8b4c2c1d851d5279d03e85bc75b0cda7",
    "file_md5": "8b4c2c1d851d5279d03e85bc75b0cda7",
    "filename": "favicon.ico",
    "ext": "ico",
    "total_chunks": 0,
    "uploaded_chunks": 0,
    "file": "uploads/8b4c2c1d851d5279d03e85bc75b0cda7.ico",
    "file_size": 11436,
    "create_time": "2025-04-30T17:28:32.210",
    "update_time": "2025-04-30T17:28:32.831",
    "completed": true
  }
},
{
  "model": "file.uploadedfile",
  "pk": 41,
  "fields": {
    "upload_id": "da519aea9f0644492f205f29f2852e78",
    "file_md5": "da519aea9f0644492f205f29f2852e78",
    "filename": "bf833cde681f38f8efbf5d0a5b923124.png",
    "ext": "png",
    "total_chunks": 1,
    "uploaded_chunks": 1,
    "file": "uploads/da519aea9f0644492f205f29f2852e78.png",
    "file_size": 579806,
    "create_time": "2025-04-30T17:28:56.062",
    "update_time": "2025-04-30T17:28:56.391",
    "completed": true
  }
},
{
  "model": "file.uploadedfile",
  "pk": 46,
  "fields": {
    "upload_id": "0d52eef121f2d31e5516bf5e33ac3e39",
    "file_md5": "0d52eef121f2d31e5516bf5e33ac3e39",
    "filename": "avatar10.png",
    "ext": "png",
    "total_chunks": 1,
    "uploaded_chunks": 1,
    "file": "uploads/0d52eef121f2d31e5516bf5e33ac3e39.png",
    "file_size": 953,
    "create_time": "2025-05-24T13:47:33.793",
    "update_time": "2025-05-24T13:47:34.138",
    "completed": true
  }
},
{
  "model": "vpn.dyvpndevicemodel",
  "pk": 1,
  "fields": {
    "router_device_type": 2,
    "device_name": "FortiGate-100E",
    "serial_number": "FG100ETK18010542",
    "mac_address": "空",
    "vpn_server": "https://122.226.220.156:10443",
    "route_url": "122.226.220.156:20443",
    "account": "huayue",
    "password": "dykj#@6688qweasd",
    "cookie": "7.0.17\r\nhuayue#816@",
    "used": true,
    "update_time": "2025-05-29T11:44:01.771",
    "create_time": "2025-05-27T16:01:03.391"
  }
},
{
  "model": "vpn.dyvpndevicemodel",
  "pk": 3,
  "fields": {
    "router_device_type": 1,
    "device_name": "FortiGate-30E",
    "serial_number": "FGT30E5618008791",
    "mac_address": "70:4C:A5:A8:A2:A0",
    "vpn_server": "https://122.226.65.250:10443",
    "route_url": "192.168.1.23",
    "account": "vpnadmin",
    "password": "qweasd@123",
    "cookie": "",
    "used": false,
    "update_time": "2025-05-31T00:05:24.527",
    "create_time": "2025-05-29T10:33:40.669"
  }
},
{
  "model": "vpn.dyvpndevicemodel",
  "pk": 4,
  "fields": {
    "router_device_type": 1,
    "device_name": "锐捷-NBR6120-E",
    "serial_number": "H1SH9YW006293",
    "mac_address": "D431.2750.F810",
    "vpn_server": "https://122.226.220.154:15442",
    "route_url": "https://192.168.1.1:65534",
    "account": "admin",
    "password": "Aa123456789",
    "cookie": "",
    "used": false,
    "update_time": "2025-05-30T10:02:14.888",
    "create_time": "2025-05-29T10:35:51.181"
  }
},
{
  "model": "vpn.dyvpndevicemodel",
  "pk": 5,
  "fields": {
    "router_device_type": 1,
    "device_name": "锐捷NBR6125-E",
    "serial_number": "H1SH9YW002831",
    "mac_address": "D431.2750.F14E",
    "vpn_server": "https://122.226.65.250",
    "route_url": "192.168.1.1",
    "account": "admin",
    "password": "qweasd@123",
    "cookie": "",
    "used": false,
    "update_time": "2025-05-30T08:45:17.754",
    "create_time": "2025-05-29T10:48:44.698"
  }
},
{
  "model": "vpn.dyvpnregionmodel",
  "pk": 1,
  "fields": {
    "device": 1,
    "region": "日本",
    "region_code": "JP",
    "device_count": 1,
    "online_num": 0,
    "used": true,
    "group_code": "JP",
    "update_time": "2025-06-02T17:28:21.541",
    "create_time": "2025-05-28T10:20:51.841"
  }
},
{
  "model": "vpn.dyvpnregionmodel",
  "pk": 2,
  "fields": {
    "device": 1,
    "region": "新加坡",
    "region_code": "SG",
    "device_count": 1,
    "online_num": 0,
    "used": true,
    "group_code": "SG",
    "update_time": "2025-05-29T13:56:03.852",
    "create_time": "2025-05-28T17:04:00.331"
  }
},
{
  "model": "vpn.dyvpnregionmodel",
  "pk": 3,
  "fields": {
    "device": 1,
    "region": "台湾",
    "region_code": "TWN",
    "device_count": 1,
    "online_num": 0,
    "used": true,
    "group_code": "TWN",
    "update_time": "2025-05-29T13:55:58.885",
    "create_time": "2025-05-29T13:38:51.055"
  }
},
{
  "model": "vpn.dyvpnregionmodel",
  "pk": 4,
  "fields": {
    "device": 1,
    "region": "韩国",
    "region_code": "KOR",
    "device_count": 1,
    "online_num": 0,
    "used": true,
    "group_code": "KOR",
    "update_time": "2025-05-29T13:55:35.507",
    "create_time": "2025-05-29T13:39:07.169"
  }
},
{
  "model": "vpn.dyvpnregionmodel",
  "pk": 5,
  "fields": {
    "device": 1,
    "region": "印尼",
    "region_code": "IDN",
    "device_count": 1,
    "online_num": 0,
    "used": true,
    "group_code": "IDN",
    "update_time": "2025-05-29T13:57:13.285",
    "create_time": "2025-05-29T13:57:13.285"
  }
},
{
  "model": "vpn.dyvpnregionmodel",
  "pk": 6,
  "fields": {
    "device": 1,
    "region": "马来西亚",
    "region_code": "MAS",
    "device_count": 1,
    "online_num": 0,
    "used": true,
    "group_code": "MAS",
    "update_time": "2025-05-29T13:57:30.319",
    "create_time": "2025-05-29T13:57:30.319"
  }
},
{
  "model": "vpn.dyvpnregionmodel",
  "pk": 7,
  "fields": {
    "device": 1,
    "region": "泰国",
    "region_code": "THA",
    "device_count": 1,
    "online_num": 0,
    "used": true,
    "group_code": "THA",
    "update_time": "2025-05-29T13:57:44.637",
    "create_time": "2025-05-29T13:57:44.637"
  }
},
{
  "model": "vpn.dyvpnregionmodel",
  "pk": 8,
  "fields": {
    "device": 1,
    "region": "英国",
    "region_code": "UK",
    "device_count": 1,
    "online_num": 0,
    "used": true,
    "group_code": "UK",
    "update_time": "2025-05-29T13:57:55.586",
    "create_time": "2025-05-29T13:57:55.587"
  }
},
{
  "model": "vpn.dyvpnregionmodel",
  "pk": 9,
  "fields": {
    "device": 1,
    "region": "德国",
    "region_code": "GER",
    "device_count": 1,
    "online_num": 0,
    "used": true,
    "group_code": "GER",
    "update_time": "2025-05-29T13:58:13.739",
    "create_time": "2025-05-29T13:58:13.739"
  }
},
{
  "model": "vpn.dyvpnregionmodel",
  "pk": 10,
  "fields": {
    "device": 1,
    "region": "美国",
    "region_code": "US",
    "device_count": 1,
    "online_num": 0,
    "used": true,
    "group_code": "US",
    "update_time": "2025-05-30T13:36:03.419",
    "create_time": "2025-05-29T13:58:29.384"
  }
},
{
  "model": "vpn.dyvpnaccount",
  "pk": 20,
  "fields": {
    "region": 9,
    "device": 1,
    "user": 1,
    "vpn_account": "gest0002",
    "vpn_pwd": "gest0002",
    "used": true,
    "is_delete": false,
    "online": false,
    "count": 1,
    "expire_time": "2025-06-07",
    "update_time": "2025-06-03T19:06:35.593",
    "create_time": "2025-05-30T14:22:18.538"
  }
},
{
  "model": "vpn.dyvpnaccount",
  "pk": 21,
  "fields": {
    "region": 1,
    "device": 1,
    "user": 1,
    "vpn_account": "gest0001",
    "vpn_pwd": "gest0001",
    "used": true,
    "is_delete": false,
    "online": false,
    "count": 1,
    "expire_time": "2025-06-07",
    "update_time": "2025-06-03T16:37:10.854",
    "create_time": "2025-05-30T14:22:42.828"
  }
},
{
  "model": "vpn.dyvpnaccount",
  "pk": 22,
  "fields": {
    "region": 10,
    "device": 3,
    "user": 1,
    "vpn_account": "p0001",
    "vpn_pwd": "p0001",
    "used": false,
    "is_delete": true,
    "online": false,
    "count": 1,
    "expire_time": "2025-06-07",
    "update_time": "2025-05-30T16:38:47.728",
    "create_time": "2025-05-30T16:37:27.164"
  }
},
{
  "model": "vpn.dyvpnaccount",
  "pk": 24,
  "fields": {
    "region": 10,
    "device": 1,
    "user": 1,
    "vpn_account": "gest",
    "vpn_pwd": "qweasd123",
    "used": true,
    "is_delete": false,
    "online": false,
    "count": 1,
    "expire_time": "2025-08-01",
    "update_time": "2025-06-01T07:29:26.211",
    "create_time": "2025-06-01T07:29:26.211"
  }
},
{
  "model": "vpn.dyvpnaccount",
  "pk": 25,
  "fields": {
    "region": 10,
    "device": 1,
    "user": 1,
    "vpn_account": "gest0007",
    "vpn_pwd": "gest0007",
    "used": true,
    "is_delete": false,
    "online": false,
    "count": 1,
    "expire_time": "2026-06-30",
    "update_time": "2025-06-03T09:53:24.940",
    "create_time": "2025-06-02T09:20:24.869"
  }
},
{
  "model": "vpn.dyvpnaccount",
  "pk": 26,
  "fields": {
    "region": 8,
    "device": 1,
    "user": 1,
    "vpn_account": "gest0003",
    "vpn_pwd": "gest0003",
    "used": true,
    "is_delete": false,
    "online": false,
    "count": 1,
    "expire_time": "2025-06-30",
    "update_time": "2025-06-03T17:35:10.003",
    "create_time": "2025-06-02T17:43:34.581"
  }
},
{
  "model": "vpn.dyvpnaccount",
  "pk": 27,
  "fields": {
    "region": 7,
    "device": 1,
    "user": 1,
    "vpn_account": "gest0004",
    "vpn_pwd": "gest0004",
    "used": true,
    "is_delete": false,
    "online": false,
    "count": 1,
    "expire_time": "2025-06-30",
    "update_time": "2025-06-02T17:49:42.773",
    "create_time": "2025-06-02T17:44:18.983"
  }
},
{
  "model": "vpn.dyvpnaccount",
  "pk": 28,
  "fields": {
    "region": 6,
    "device": 1,
    "user": 1,
    "vpn_account": "gest0005",
    "vpn_pwd": "gest0005",
    "used": true,
    "is_delete": false,
    "online": false,
    "count": 1,
    "expire_time": "2025-06-30",
    "update_time": "2025-06-02T17:51:42.775",
    "create_time": "2025-06-02T17:44:34.697"
  }
},
{
  "model": "vpn.dyvpnaccount",
  "pk": 29,
  "fields": {
    "region": 5,
    "device": 1,
    "user": 1,
    "vpn_account": "gest0006",
    "vpn_pwd": "gest0006",
    "used": true,
    "is_delete": false,
    "online": false,
    "count": 1,
    "expire_time": "2025-06-30",
    "update_time": "2025-06-02T17:54:47.845",
    "create_time": "2025-06-02T17:44:54.490"
  }
},
{
  "model": "vpn.dyvpnaccount",
  "pk": 30,
  "fields": {
    "region": 4,
    "device": 1,
    "user": 1,
    "vpn_account": "gest0008",
    "vpn_pwd": "gest0008",
    "used": true,
    "is_delete": false,
    "online": false,
    "count": 1,
    "expire_time": "2025-06-30",
    "update_time": "2025-06-02T17:55:27.773",
    "create_time": "2025-06-02T17:45:20.517"
  }
},
{
  "model": "vpn.dyvpnaccount",
  "pk": 31,
  "fields": {
    "region": 3,
    "device": 1,
    "user": 1,
    "vpn_account": "gest0009",
    "vpn_pwd": "gest0009",
    "used": true,
    "is_delete": false,
    "online": false,
    "count": 1,
    "expire_time": "2025-06-30",
    "update_time": "2025-06-02T17:56:07.842",
    "create_time": "2025-06-02T17:45:38.304"
  }
},
{
  "model": "vpn.dyvpnaccount",
  "pk": 32,
  "fields": {
    "region": 2,
    "device": 1,
    "user": 1,
    "vpn_account": "gest0010",
    "vpn_pwd": "gest0010",
    "used": true,
    "is_delete": false,
    "online": false,
    "count": 1,
    "expire_time": "2025-06-30",
    "update_time": "2025-06-03T10:48:16.702",
    "create_time": "2025-06-02T17:45:54.147"
  }
},
{
  "model": "vpn.dyvpnmonitor",
  "pk": 1,
  "fields": {
    "account": 20,
    "region": 10,
    "duration_secs": 24,
    "expiry_secs": 28787,
    "online_time": "0:00:24",
    "virtual_ip": "10.212.10.100",
    "login_terminal": "",
    "login_ip": "",
    "in_bytes": 0,
    "out_bytes": 0,
    "traffic_vol_bytes": 75647,
    "down_flow": "0.0MB",
    "up_flow": "0.0MB",
    "traffic_vol_flow": "0.07MB",
    "update_time": "2025-06-02T17:26:20.630",
    "logout_time": "2025-06-02T13:12:02.888",
    "login_time": "2025-06-02T12:14:15.912"
  }
},
{
  "model": "vpn.dyvpnmonitor",
  "pk": 2,
  "fields": {
    "account": 20,
    "region": 10,
    "duration_secs": 4,
    "expiry_secs": 28796,
    "online_time": "0:00:04",
    "virtual_ip": "10.212.10.100",
    "login_terminal": "",
    "login_ip": "",
    "in_bytes": 0,
    "out_bytes": 0,
    "traffic_vol_bytes": 41353,
    "down_flow": "0.0MB",
    "up_flow": "0.0MB",
    "traffic_vol_flow": "0.04MB",
    "update_time": "2025-06-02T17:26:20.519",
    "logout_time": "2025-06-02T13:40:17.960",
    "login_time": "2025-06-02T13:19:07.205"
  }
},
{
  "model": "vpn.dyvpnmonitor",
  "pk": 3,
  "fields": {
    "account": 20,
    "region": 10,
    "duration_secs": 183,
    "expiry_secs": 28800,
    "online_time": "0:03:03",
    "virtual_ip": "10.212.10.100",
    "login_terminal": "",
    "login_ip": "",
    "in_bytes": 0,
    "out_bytes": 0,
    "traffic_vol_bytes": 507502,
    "down_flow": "0.0MB",
    "up_flow": "0.0MB",
    "traffic_vol_flow": "0.48MB",
    "update_time": "2025-06-02T17:26:20.371",
    "logout_time": "2025-06-02T13:43:34.160",
    "login_time": "2025-06-02T13:40:29.398"
  }
},
{
  "model": "vpn.dyvpnmonitor",
  "pk": 4,
  "fields": {
    "account": 20,
    "region": 10,
    "duration_secs": 105,
    "expiry_secs": 28799,
    "online_time": "0:01:45",
    "virtual_ip": "10.212.10.100",
    "login_terminal": "",
    "login_ip": "",
    "in_bytes": 0,
    "out_bytes": 0,
    "traffic_vol_bytes": 119843,
    "down_flow": "0.0MB",
    "up_flow": "0.0MB",
    "traffic_vol_flow": "0.11MB",
    "update_time": "2025-06-02T17:26:20.246",
    "logout_time": "2025-06-02T13:58:15.671",
    "login_time": "2025-06-02T13:56:29.972"
  }
},
{
  "model": "vpn.dyvpnmonitor",
  "pk": 5,
  "fields": {
    "account": 25,
    "region": 10,
    "duration_secs": 77,
    "expiry_secs": 28800,
    "online_time": "0:01:17",
    "virtual_ip": "10.212.10.100",
    "login_terminal": "",
    "login_ip": "",
    "in_bytes": 0,
    "out_bytes": 0,
    "traffic_vol_bytes": 8949103,
    "down_flow": "0.0MB",
    "up_flow": "0.0MB",
    "traffic_vol_flow": "8.53MB",
    "update_time": "2025-06-02T17:26:20.075",
    "logout_time": "2025-06-02T14:03:04.849",
    "login_time": "2025-06-02T14:01:45.048"
  }
},
{
  "model": "vpn.dyvpnmonitor",
  "pk": 6,
  "fields": {
    "account": 25,
    "region": 10,
    "duration_secs": 115,
    "expiry_secs": 28769,
    "online_time": "0:01:55",
    "virtual_ip": "10.212.10.100",
    "login_terminal": "",
    "login_ip": "",
    "in_bytes": 0,
    "out_bytes": 0,
    "traffic_vol_bytes": 173043,
    "down_flow": "0.0MB",
    "up_flow": "0.0MB",
    "traffic_vol_flow": "0.17MB",
    "update_time": "2025-06-02T17:26:19.932",
    "logout_time": "2025-06-02T14:11:49.324",
    "login_time": "2025-06-02T14:09:48.361"
  }
},
{
  "model": "vpn.dyvpnmonitor",
  "pk": 7,
  "fields": {
    "account": 25,
    "region": 10,
    "duration_secs": 257,
    "expiry_secs": 28793,
    "online_time": "0:04:17",
    "virtual_ip": "10.212.10.100",
    "login_terminal": "",
    "login_ip": "",
    "in_bytes": 0,
    "out_bytes": 0,
    "traffic_vol_bytes": 124249,
    "down_flow": "0.0MB",
    "up_flow": "0.0MB",
    "traffic_vol_flow": "0.12MB",
    "update_time": "2025-06-02T17:26:19.794",
    "logout_time": "2025-06-02T14:26:33.563",
    "login_time": "2025-06-02T14:19:00.206"
  }
},
{
  "model": "vpn.dyvpnmonitor",
  "pk": 8,
  "fields": {
    "account": 25,
    "region": 10,
    "duration_secs": 537,
    "expiry_secs": 28799,
    "online_time": "0:08:57",
    "virtual_ip": "10.212.10.100",
    "login_terminal": "",
    "login_ip": "",
    "in_bytes": 0,
    "out_bytes": 0,
    "traffic_vol_bytes": 136930,
    "down_flow": "0.0MB",
    "up_flow": "0.0MB",
    "traffic_vol_flow": "0.13MB",
    "update_time": "2025-06-02T17:26:19.703",
    "logout_time": "2025-06-02T14:57:25.199",
    "login_time": "2025-06-02T14:48:28.632"
  }
},
{
  "model": "vpn.dyvpnmonitor",
  "pk": 9,
  "fields": {
    "account": 25,
    "region": 10,
    "duration_secs": 414,
    "expiry_secs": 28499,
    "online_time": "0:06:54",
    "virtual_ip": "10.212.10.100",
    "login_terminal": "",
    "login_ip": "",
    "in_bytes": 0,
    "out_bytes": 0,
    "traffic_vol_bytes": 121145,
    "down_flow": "0.0MB",
    "up_flow": "0.0MB",
    "traffic_vol_flow": "0.12MB",
    "update_time": "2025-06-02T17:26:19.611",
    "logout_time": "2025-06-02T15:20:36.459",
    "login_time": "2025-06-02T15:13:41.175"
  }
},
{
  "model": "vpn.dyvpnmonitor",
  "pk": 10,
  "fields": {
    "account": 25,
    "region": 10,
    "duration_secs": 491,
    "expiry_secs": 28799,
    "online_time": "0:08:11",
    "virtual_ip": "10.212.10.100",
    "login_terminal": "",
    "login_ip": "",
    "in_bytes": 0,
    "out_bytes": 0,
    "traffic_vol_bytes": 101085,
    "down_flow": "0.0MB",
    "up_flow": "0.0MB",
    "traffic_vol_flow": "0.1MB",
    "update_time": "2025-06-02T17:26:19.503",
    "logout_time": "2025-06-02T15:34:01.360",
    "login_time": "2025-06-02T15:25:45.156"
  }
},
{
  "model": "vpn.dyvpnmonitor",
  "pk": 11,
  "fields": {
    "account": 21,
    "region": 9,
    "duration_secs": 539,
    "expiry_secs": 28799,
    "online_time": "0:08:59",
    "virtual_ip": "10.212.9.100",
    "login_terminal": "",
    "login_ip": "",
    "in_bytes": 0,
    "out_bytes": 0,
    "traffic_vol_bytes": 243601,
    "down_flow": "0.0MB",
    "up_flow": "0.0MB",
    "traffic_vol_flow": "0.23MB",
    "update_time": "2025-06-02T17:26:19.353",
    "logout_time": "2025-06-02T17:22:17.573",
    "login_time": "2025-06-02T17:03:21.271"
  }
},
{
  "model": "vpn.dyvpnmonitor",
  "pk": 12,
  "fields": {
    "account": 21,
    "region": 9,
    "duration_secs": 18,
    "expiry_secs": 28783,
    "online_time": "0:00:18",
    "virtual_ip": "10.212.9.100",
    "login_terminal": "",
    "login_ip": "",
    "in_bytes": 0,
    "out_bytes": 0,
    "traffic_vol_bytes": 36638,
    "down_flow": "0.0MB",
    "up_flow": "0.0MB",
    "traffic_vol_flow": "0.03MB",
    "update_time": "2025-06-02T17:26:19.254",
    "logout_time": "2025-06-02T17:22:47.597",
    "login_time": "2025-06-02T17:22:24.446"
  }
},
{
  "model": "vpn.dyvpnmonitor",
  "pk": 13,
  "fields": {
    "account": 25,
    "region": 10,
    "duration_secs": 286,
    "expiry_secs": 28610,
    "online_time": "0:04:46",
    "virtual_ip": "10.212.10.100",
    "login_terminal": "",
    "login_ip": "",
    "in_bytes": 0,
    "out_bytes": 0,
    "traffic_vol_bytes": 158458,
    "down_flow": "0.0MB",
    "up_flow": "0.0MB",
    "traffic_vol_flow": "0.15MB",
    "update_time": "2025-06-02T17:27:42.722",
    "logout_time": "2025-06-02T17:27:47.538",
    "login_time": "2025-06-02T17:22:56.593"
  }
},
{
  "model": "vpn.dyvpnmonitor",
  "pk": 14,
  "fields": {
    "account": 21,
    "region": 1,
    "duration_secs": 106,
    "expiry_secs": 28753,
    "online_time": "0:01:46",
    "virtual_ip": "10.212.1.100",
    "login_terminal": "",
    "login_ip": "",
    "in_bytes": 0,
    "out_bytes": 0,
    "traffic_vol_bytes": 86110,
    "down_flow": "0.0MB",
    "up_flow": "0.0MB",
    "traffic_vol_flow": "0.08MB",
    "update_time": "2025-06-02T17:31:07.562",
    "logout_time": "2025-06-02T17:31:12.725",
    "login_time": "2025-06-02T17:29:21.632"
  }
},
{
  "model": "vpn.dyvpnmonitor",
  "pk": 15,
  "fields": {
    "account": 20,
    "region": 9,
    "duration_secs": 24,
    "expiry_secs": 28800,
    "online_time": "0:00:24",
    "virtual_ip": "10.212.9.100",
    "login_terminal": "",
    "login_ip": "",
    "in_bytes": 0,
    "out_bytes": 0,
    "traffic_vol_bytes": 64595,
    "down_flow": "0.0MB",
    "up_flow": "0.0MB",
    "traffic_vol_flow": "0.06MB",
    "update_time": "2025-06-02T17:33:08.037",
    "logout_time": "2025-06-02T17:33:12.634",
    "login_time": "2025-06-02T17:32:43.813"
  }
},
{
  "model": "vpn.dyvpnmonitor",
  "pk": 16,
  "fields": {
    "account": 26,
    "region": 8,
    "duration_secs": 24,
    "expiry_secs": 28778,
    "online_time": "0:00:24",
    "virtual_ip": "10.212.8.100",
    "login_terminal": "",
    "login_ip": "",
    "in_bytes": 0,
    "out_bytes": 0,
    "traffic_vol_bytes": 29818,
    "down_flow": "0.0MB",
    "up_flow": "0.0MB",
    "traffic_vol_flow": "0.03MB",
    "update_time": "2025-06-02T17:48:08.249",
    "logout_time": "2025-06-02T17:48:12.757",
    "login_time": "2025-06-02T17:47:43.974"
  }
},
{
  "model": "vpn.dyvpnmonitor",
  "pk": 17,
  "fields": {
    "account": 27,
    "region": 7,
    "duration_secs": 22,
    "expiry_secs": 28779,
    "online_time": "0:00:22",
    "virtual_ip": "10.212.7.100",
    "login_terminal": "",
    "login_ip": "",
    "in_bytes": 0,
    "out_bytes": 0,
    "traffic_vol_bytes": 37544,
    "down_flow": "0.0MB",
    "up_flow": "0.0MB",
    "traffic_vol_flow": "0.04MB",
    "update_time": "2025-06-02T17:49:37.766",
    "logout_time": "2025-06-02T17:49:42.773",
    "login_time": "2025-06-02T17:49:15.947"
  }
},
{
  "model": "vpn.dyvpnmonitor",
  "pk": 18,
  "fields": {
    "account": 28,
    "region": 6,
    "duration_secs": 9,
    "expiry_secs": 28792,
    "online_time": "0:00:09",
    "virtual_ip": "10.212.6.100",
    "login_terminal": "",
    "login_ip": "",
    "in_bytes": 0,
    "out_bytes": 0,
    "traffic_vol_bytes": 45932,
    "down_flow": "0.0MB",
    "up_flow": "0.0MB",
    "traffic_vol_flow": "0.04MB",
    "update_time": "2025-06-02T17:51:37.741",
    "logout_time": "2025-06-02T17:51:42.775",
    "login_time": "2025-06-02T17:51:28.782"
  }
},
{
  "model": "vpn.dyvpnmonitor",
  "pk": 19,
  "fields": {
    "account": 29,
    "region": 5,
    "duration_secs": null,
    "expiry_secs": 28800,
    "online_time": "0:00:00",
    "virtual_ip": "10.212.5.100",
    "login_terminal": "",
    "login_ip": "",
    "in_bytes": 0,
    "out_bytes": 0,
    "traffic_vol_bytes": 274,
    "down_flow": "0.0MB",
    "up_flow": "0.0MB",
    "traffic_vol_flow": "0.0MB",
    "update_time": "2025-06-02T17:53:52.797",
    "logout_time": "2025-06-02T17:53:57.729",
    "login_time": "2025-06-02T17:53:52.690"
  }
},
{
  "model": "vpn.dyvpnmonitor",
  "pk": 20,
  "fields": {
    "account": 29,
    "region": 5,
    "duration_secs": 14,
    "expiry_secs": 28787,
    "online_time": "0:00:14",
    "virtual_ip": "10.212.5.100",
    "login_terminal": "",
    "login_ip": "",
    "in_bytes": 0,
    "out_bytes": 0,
    "traffic_vol_bytes": 25998,
    "down_flow": "0.0MB",
    "up_flow": "0.0MB",
    "traffic_vol_flow": "0.02MB",
    "update_time": "2025-06-02T17:54:42.817",
    "logout_time": "2025-06-02T17:54:47.845",
    "login_time": "2025-06-02T17:54:28.709"
  }
},
{
  "model": "vpn.dyvpnmonitor",
  "pk": 21,
  "fields": {
    "account": 30,
    "region": 4,
    "duration_secs": 23,
    "expiry_secs": 28778,
    "online_time": "0:00:23",
    "virtual_ip": "10.212.4.100",
    "login_terminal": "",
    "login_ip": "",
    "in_bytes": 0,
    "out_bytes": 0,
    "traffic_vol_bytes": 26696,
    "down_flow": "0.0MB",
    "up_flow": "0.0MB",
    "traffic_vol_flow": "0.03MB",
    "update_time": "2025-06-02T17:55:22.781",
    "logout_time": "2025-06-02T17:55:27.773",
    "login_time": "2025-06-02T17:54:59.788"
  }
},
{
  "model": "vpn.dyvpnmonitor",
  "pk": 22,
  "fields": {
    "account": 31,
    "region": 3,
    "duration_secs": 15,
    "expiry_secs": 28785,
    "online_time": "0:00:15",
    "virtual_ip": "10.212.3.100",
    "login_terminal": "",
    "login_ip": "",
    "in_bytes": 0,
    "out_bytes": 0,
    "traffic_vol_bytes": 26664,
    "down_flow": "0.0MB",
    "up_flow": "0.0MB",
    "traffic_vol_flow": "0.03MB",
    "update_time": "2025-06-02T17:56:02.851",
    "logout_time": "2025-06-02T17:56:07.842",
    "login_time": "2025-06-02T17:55:47.728"
  }
},
{
  "model": "vpn.dyvpnmonitor",
  "pk": 23,
  "fields": {
    "account": 32,
    "region": 2,
    "duration_secs": 604,
    "expiry_secs": 28800,
    "online_time": "0:10:04",
    "virtual_ip": "10.212.2.100",
    "login_terminal": "",
    "login_ip": "",
    "in_bytes": 0,
    "out_bytes": 0,
    "traffic_vol_bytes": 1191256,
    "down_flow": "0.0MB",
    "up_flow": "0.0MB",
    "traffic_vol_flow": "1.14MB",
    "update_time": "2025-06-02T18:06:38.243",
    "logout_time": "2025-06-02T18:06:43.214",
    "login_time": "2025-06-02T17:56:34.896"
  }
},
{
  "model": "vpn.dyvpnmonitor",
  "pk": 24,
  "fields": {
    "account": 25,
    "region": 10,
    "duration_secs": 625,
    "expiry_secs": 28799,
    "online_time": "0:10:25",
    "virtual_ip": "10.212.10.100",
    "login_terminal": "",
    "login_ip": "",
    "in_bytes": 0,
    "out_bytes": 0,
    "traffic_vol_bytes": 113643982,
    "down_flow": "0.0MB",
    "up_flow": "0.0MB",
    "traffic_vol_flow": "108.38MB",
    "update_time": "2025-06-03T00:51:15.261",
    "logout_time": "2025-06-03T00:51:20.397",
    "login_time": "2025-06-03T00:40:50.205"
  }
},
{
  "model": "vpn.dyvpnmonitor",
  "pk": 25,
  "fields": {
    "account": 25,
    "region": 10,
    "duration_secs": 114,
    "expiry_secs": 28798,
    "online_time": "0:01:54",
    "virtual_ip": "10.212.10.100",
    "login_terminal": "",
    "login_ip": "",
    "in_bytes": 0,
    "out_bytes": 0,
    "traffic_vol_bytes": 64360696,
    "down_flow": "0.0MB",
    "up_flow": "0.0MB",
    "traffic_vol_flow": "61.38MB",
    "update_time": "2025-06-03T09:53:20.572",
    "logout_time": "2025-06-03T09:53:24.940",
    "login_time": "2025-06-03T09:51:26.083"
  }
},
{
  "model": "vpn.dyvpnmonitor",
  "pk": 26,
  "fields": {
    "account": 32,
    "region": 2,
    "duration_secs": 104,
    "expiry_secs": 28764,
    "online_time": "0:01:44",
    "virtual_ip": "10.212.2.100",
    "login_terminal": "",
    "login_ip": "",
    "in_bytes": 0,
    "out_bytes": 0,
    "traffic_vol_bytes": 123945,
    "down_flow": "0.0MB",
    "up_flow": "0.0MB",
    "traffic_vol_flow": "0.12MB",
    "update_time": "2025-06-03T10:48:11.477",
    "logout_time": "2025-06-03T10:48:16.702",
    "login_time": "2025-06-03T10:46:27.369"
  }
},
{
  "model": "vpn.dyvpnmonitor",
  "pk": 27,
  "fields": {
    "account": 21,
    "region": 1,
    "duration_secs": 1375,
    "expiry_secs": 28764,
    "online_time": "0:22:55",
    "virtual_ip": "10.212.1.100",
    "login_terminal": "",
    "login_ip": "",
    "in_bytes": 0,
    "out_bytes": 0,
    "traffic_vol_bytes": 408698,
    "down_flow": "0.0MB",
    "up_flow": "0.0MB",
    "traffic_vol_flow": "0.39MB",
    "update_time": "2025-06-03T11:16:02.366",
    "logout_time": "2025-06-03T11:16:08.002",
    "login_time": "2025-06-03T10:53:07.596"
  }
},
{
  "model": "vpn.dyvpnmonitor",
  "pk": 28,
  "fields": {
    "account": 21,
    "region": 1,
    "duration_secs": 569,
    "expiry_secs": 28800,
    "online_time": "0:09:29",
    "virtual_ip": "10.212.1.100",
    "login_terminal": "",
    "login_ip": "",
    "in_bytes": 0,
    "out_bytes": 0,
    "traffic_vol_bytes": 16826842,
    "down_flow": "0.0MB",
    "up_flow": "0.0MB",
    "traffic_vol_flow": "16.05MB",
    "update_time": "2025-06-03T16:37:05.885",
    "logout_time": "2025-06-03T16:37:10.854",
    "login_time": "2025-06-03T16:27:36.777"
  }
},
{
  "model": "vpn.dyvpnmonitor",
  "pk": 29,
  "fields": {
    "account": 26,
    "region": 8,
    "duration_secs": 256,
    "expiry_secs": 28796,
    "online_time": "0:04:16",
    "virtual_ip": "10.212.8.100",
    "login_terminal": "",
    "login_ip": "",
    "in_bytes": 0,
    "out_bytes": 0,
    "traffic_vol_bytes": 3562466,
    "down_flow": "0.0MB",
    "up_flow": "0.0MB",
    "traffic_vol_flow": "3.4MB",
    "update_time": "2025-06-03T16:41:44.832",
    "logout_time": "2025-06-03T17:35:10.003",
    "login_time": "2025-06-03T16:37:28.979"
  }
},
{
  "model": "vpn.dyvpnmonitor",
  "pk": 30,
  "fields": {
    "account": 20,
    "region": 9,
    "duration_secs": 241,
    "expiry_secs": 28800,
    "online_time": "0:04:01",
    "virtual_ip": "10.212.9.100",
    "login_terminal": "",
    "login_ip": "",
    "in_bytes": 0,
    "out_bytes": 0,
    "traffic_vol_bytes": 1162585,
    "down_flow": "0.0MB",
    "up_flow": "0.0MB",
    "traffic_vol_flow": "1.11MB",
    "update_time": "2025-06-03T19:06:30.539",
    "logout_time": "2025-06-03T19:06:35.593",
    "login_time": "2025-06-03T19:02:28.592"
  }
}
]
